"Activity.Type","Date","Title","Distance","Time","Avg.HR","Avg.Pace"
"Running",2024-11-28 06:06:03,"Hollywood Running",12.18,"01:06:55",134,"5:30"
"Running",2024-02-22 06:15:19,"Hollywood Running",5.56,"00:30:44",125,"5:32"
"Running",2022-08-18 06:05:58,"Westwood Running",12.31,"01:05:24",146,"5:19"
"Running",2025-10-17 06:43:13,"Westwood Running",5,"00:27:30",130,"5:30"
"Running",2021-03-05 17:04:11,"Hollywood Running",9.45,"00:45:14",156,"4:47"
"Running",2021-05-26 16:27:14,"Westwood Running",4.36,"00:21:24",167,"4:54"
"Running",2024-03-03 05:47:16,"Westwood Running",43.01,"04:12:20",150,"5:52"
"Running",2022-07-27 18:10:36,"Westwood Running",2.31,"00:12:12",141,"5:17"
"Running",2025-12-05 06:45:01,"Westwood Running",5,"00:27:47",141,"5:33"
"Running",2022-07-24 06:01:33,"Westwood Running",30.6,"02:47:51",152,"5:29"
"Running",2025-06-04 06:24:11,"Westwood Running",5.1,"00:27:08",149,"5:19"
"Running",2022-01-11 08:42:40,"Hollywood Running",6.09,"00:30:58",156,"5:05"
"Running",2024-05-28 18:00:34,"Westwood Running",5.01,"00:26:13",147,"5:14"
"Running",2025-12-18 08:06:34,"Hollywood Running",7.36,"00:39:21",147,"5:21"
"Running",2024-05-29 17:30:27,"Westwood Running",5.01,"00:25:59",149,"5:11"
"Running",2021-07-02 06:10:48,"Hollywood Running",4.58,"00:22:18",150,"4:52"
"Running",2022-03-20 05:47:32,"Westwood Running",21.17,"01:54:36",146,"5:25"
"Running",2025-05-13 06:09:34,"Westwood Running",10.09,"00:54:53",127,"5:26"
"Running",2021-10-01 06:10:23,"Hollywood Running",4.51,"00:25:41",159,"5:42"
"Running",2024-07-15 06:24:54,"Westwood Running",4.71,"00:26:37",141,"5:39"
"Running",2025-11-06 07:33:50,"Westwood Running",8.68,"00:43:14",147,"4:59"
"Running",2020-11-11 15:54:51,"Westwood Running",5.57,"00:26:23",174,"4:44"
"Running",2023-11-15 06:01:01,"Hollywood Running",6.89,"00:35:55",144,"5:13"
"Running",2024-02-05 06:13:32,"Hollywood Running",5.62,"00:30:30",146,"5:26"
"Running",2024-12-04 06:35:41,"Hollywood Running",5.01,"00:27:01",137,"5:24"
"Running",2025-04-26 07:32:32,"Westwood Running",4.02,"00:21:11",132,"5:16"
"Running",2023-11-22 06:14:27,"Hollywood Running",5.59,"00:29:38",155,"5:18"
"Running",2021-01-16 07:44:16,"Westwood Running",6.91,"00:34:32",142,"5:00"
"Running",2021-10-22 06:10:57,"Westwood Running",4.52,"00:25:07",137,"5:34"
"Running",2025-11-03 06:36:24,"Westwood Running",5.01,"00:28:46",136,"5:45"
"Running",2023-05-03 17:36:25,"Hollywood Running",4.35,"00:22:34",138,"5:12"
"Running",2025-05-28 06:37:59,"Westwood Running",5.03,"00:28:18",141,"5:38"
"Running",2025-05-05 07:50:15,"Westwood Running",7.56,"00:43:20",133,"5:44"
"Running",2025-12-14 07:26:19,"Westwood Running",24.29,"02:16:29",135,"5:37"
"Running",2024-05-15 17:24:51,"Hollywood Running",5.01,"00:25:44",149,"5:08"
"Running",2024-08-07 17:13:08,"Westwood Running",5.02,"00:25:32",141,"5:05"
"Running",2024-04-26 17:07:11,"Westwood Running",5.01,"00:25:43",160,"5:08"
"Running",2021-02-05 17:22:38,"Hollywood Running",8.71,"00:40:55",169,"4:42"
"Running",2021-12-03 06:09:46,"Hollywood Running",4.98,"00:25:21",154,"5:06"
"Running",2024-11-26 16:00:49,"Hollywood Running",5,"00:25:36",151,"5:07"
"Running",2024-07-01 06:25:51,"Westwood Running",5.01,"00:27:18",140,"5:27"
"Running",2023-07-07 06:12:19,"Hollywood Running",4.3,"00:23:15",132,"5:24"
"Running",2021-12-23 06:42:38,"Westwood Running",10.21,"00:52:38",151,"5:09"
"Running",2020-04-19 06:45:10,"Hollywood Running",10.02,"00:50:19",150,"5:01"
"Running",2021-02-08 18:01:57,"Hollywood Running",5,"00:25:50",151,"5:10"
"Running",2025-11-14 16:48:54,"Westwood Running",4.85,"00:25:14",156,"5:12"
"Running",2021-04-06 07:09:28,"Westwood Running",8.96,"00:45:03",162,"5:02"
"Running",2022-01-31 06:14:44,"Westwood Running",5.59,"00:28:43",141,"5:09"
"Running",2023-02-16 15:00:05,"Hollywood Running",6.45,"00:32:44",146,"5:05"
"Running",2022-07-13 06:02:40,"Westwood Running",4.33,"00:23:45",148,"5:29"
"Running",2021-06-23 17:39:57,"Westwood Running",5.43,"00:25:46",175,"4:45"
"Running",2023-05-13 06:25:15,"Hollywood Running",22.36,"02:03:52",127,"5:32"
"Running",2025-11-24 06:40:28,"Westwood Running",5.62,"00:30:37",152,"5:27"
"Running",2023-05-18 15:47:18,"Hollywood Running",5.01,"00:23:45",152,"4:44"
"Running",2024-07-26 06:32:31,"Hollywood Running",5.02,"00:27:34",138,"5:30"
"Running",2023-11-28 06:12:06,"Westwood Running",5.54,"00:30:37",147,"5:32"
"Running",2024-11-11 18:09:14,"Hollywood Running",5,"00:25:52",139,"5:10"
"Running",2025-02-12 06:21:13,"Westwood Running",5.61,"00:27:19",155,"4:52"
"Running",2023-08-19 09:00:26,"Hollywood Running",4.94,"00:20:36",159,"4:10"
"Running",2025-10-02 17:18:11,"Hollywood Running",16.02,"01:18:38",147,"4:55"
"Running",2024-01-08 06:16:33,"Westwood Running",4.98,"00:28:10",150,"5:39"
"Running",2025-12-30 08:02:59,"Hollywood Running",14.58,"01:16:27",153,"5:15"
"Running",2025-10-11 06:53:06,"Hollywood Running",28.57,"02:27:51",154,"5:10"
"Treadmill Running",2021-01-30 07:34:51,"Treadmill Running",7.59,"00:30:20",147,"4:00"
"Running",2024-12-03 06:31:12,"Westwood Running",5.61,"00:30:17",146,"5:24"
"Running",2021-10-24 06:22:51,"Westwood Running",21.13,"01:55:43",138,"5:29"
"Running",2021-11-26 17:28:01,"Westwood Running",6.9,"00:35:14",147,"5:06"
"Running",2025-08-11 07:36:10,"Westwood Running",10.12,"00:55:06",145,"5:27"
"Running",2020-09-06 08:16:30,"Hollywood Running",9.17,"00:47:30",149,"5:11"
"Running",2024-09-18 08:01:01,"Hollywood Running",5,"00:27:19",142,"5:28"
"Running",2021-02-04 05:48:43,"Westwood Running",6.92,"00:34:09",146,"4:56"
"Running",2020-07-08 06:46:44,"Hollywood Running",4.52,"00:23:16",164,"5:09"
"Running",2024-06-03 06:21:29,"Hollywood Running",4.69,"00:27:13",128,"5:48"
"Running",2020-12-03 15:20:34,"Westwood Running",1.73,"00:08:25.2",117,"4:52"
"Running",2025-03-07 06:22:09,"Hollywood Running",5.01,"00:26:35",137,"5:18"
"Running",2023-04-14 08:01:27,"Westwood Running",5.89,"00:29:37",158,"5:02"
"Running",2021-02-21 07:13:35,"Hollywood Running",16.67,"01:28:43",159,"5:19"
"Running",2024-05-25 09:24:09,"Westwood Running",3.64,"00:19:52",157,"5:27"
"Running",2020-05-07 06:12:38,"Westwood Running",7.92,"00:38:52",153,"4:55"
"Running",2021-12-07 17:26:16,"Hollywood Running",5.58,"00:27:43",161,"4:58"
"Running",2024-10-09 06:26:05,"Westwood Running",5.62,"00:30:24",137,"5:25"
"Running",2025-06-10 06:33:17,"Westwood Running",5.06,"00:26:52",136,"5:19"
"Running",2023-02-26 06:10:44,"Westwood Running",25.21,"02:15:11",141,"5:22"
"Running",2023-03-29 18:17:37,"Westwood Running",1.63,"00:08:04.9",140,"4:57"
"Running",2021-11-30 08:44:15,"Westwood Running",2.3,"00:11:33",155,"5:01"
"Running",2023-12-14 08:25:38,"Hollywood Running",5.51,"00:29:27",140,"5:21"
"Running",2021-06-23 06:15:28,"Westwood Running",4.3,"00:21:51",152,"5:05"
"Running",2024-06-23 08:31:24,"Westwood Running",21.13,"01:31:25",165,"4:20"
"Running",2024-08-18 06:43:27,"Hollywood Running",22.88,"02:15:22",144,"5:55"
"Running",2022-03-08 08:41:30,"Westwood Running",6.2,"00:32:04",142,"5:11"
"Running",2022-01-05 18:37:21,"Westwood Running",1.46,"00:06:42.0",163,"4:35"
"Running",2025-04-10 17:27:39,"Westwood Running",10.18,"00:47:35",161,"4:40"
"Running",2025-10-05 07:04:41,"Westwood Running",38.01,"03:23:45",138,"5:22"
"Running",2023-09-13 06:11:27,"Hollywood Running",4.65,"00:25:19",128,"5:26"
"Running",2022-07-01 18:56:31,"Westwood Running",1.77,"00:09:08.2",148,"5:10"
"Running",2022-08-22 18:10:49,"Westwood Running",5.32,"00:25:00",143,"4:42"
"Running",2025-06-18 17:42:41,"Hollywood Running",5.08,"00:25:33",142,"5:02"
"Running",2022-06-13 05:09:21,"Hollywood Running",25.82,"02:19:12",154,"5:24"
"Running",2025-06-21 09:23:33,"Hollywood Running",0.61,"00:03:17.1",172,"5:22"
"Running",2020-06-09 06:52:08,"Hollywood Running",4.67,"00:23:51",161,"5:06"
"Running",2025-04-20 06:00:09,"Hollywood Running",21.11,"01:53:47",142,"5:23"
"Running",2024-02-12 17:19:11,"Hollywood Running",5.58,"00:28:34",149,"5:07"
"Running",2024-09-01 06:16:48,"Hollywood Running",24.21,"02:19:11",135,"5:45"
"Running",2022-11-22 08:24:37,"Westwood Running",7.42,"00:39:16",143,"5:17"
"Running",2021-12-07 06:15:50,"Hollywood Running",5.6,"00:29:36",146,"5:17"
"Running",2020-07-22 17:35:24,"Hollywood Running",5.22,"00:27:02",169,"5:10"
"Running",2022-07-12 17:45:36,"Westwood Running",4.21,"00:22:22",153,"5:19"
"Running",2025-07-13 06:24:16,"Westwood Running",21.23,"02:01:18",137,"5:43"
"Running",2020-11-09 16:01:06,"Westwood Running",6.65,"00:32:06",157,"4:50"
"Running",2025-08-18 07:34:00,"Westwood Running",7.49,"00:45:23",137,"6:04"
"Running",2021-03-15 06:26:36,"Hollywood Running",8.66,"00:41:05",155,"4:44"
"Running",2024-01-24 15:53:31,"Hollywood Running",4.95,"00:25:49",141,"5:13"
"Running",2022-12-02 05:49:24,"Westwood Running",14.93,"01:17:07",147,"5:10"
"Running",2024-11-01 16:44:21,"Westwood Running",5.02,"00:27:04",134,"5:23"
"Running",2024-02-13 06:17:32,"Westwood Running",5.81,"00:30:33",145,"5:16"
"Running",2025-09-04 17:09:35,"Westwood Running",14.02,"01:08:58",148,"4:55"
"Running",2021-10-06 06:11:59,"Hollywood Running",4.95,"00:27:01",146,"5:27"
"Running",2023-01-27 06:29:57,"Westwood Running",5.57,"00:29:10",153,"5:14"
"Running",2024-10-16 06:29:01,"Westwood Running",5.34,"00:30:28",143,"5:42"
"Running",2022-11-21 15:39:49,"Westwood Running",4.98,"00:24:33",161,"4:56"
"Running",2025-04-17 07:16:54,"Hollywood Running",7.75,"00:41:42",136,"5:23"
"Running",2024-12-30 07:18:35,"Hollywood Running",14.44,"01:20:42",148,"5:35"
"Running",2022-11-28 08:26:42,"Westwood Running",7.86,"00:41:58",151,"5:21"
"Running",2023-09-16 09:02:54,"Westwood Running",5.02,"00:20:13",173,"4:02"
"Running",2023-08-09 17:27:00,"Hollywood Running",5.03,"00:22:04",155,"4:23"
"Running",2025-07-01 06:28:17,"Westwood Running",5.02,"00:28:39",127,"5:43"
"Running",2022-11-22 15:01:12,"Hollywood Running",7.28,"00:37:05",138,"5:06"
"Running",2023-09-15 17:17:03,"Hollywood Running",5.03,"00:25:19",148,"5:02"
"Running",2020-05-23 07:12:22,"Hollywood Running",8.75,"00:44:37",157,"5:06"
"Running",2024-11-09 07:55:19,"Hollywood Running",16.44,"01:14:16",146,"4:31"
"Running",2023-04-11 17:47:18,"Hollywood Running",5.61,"00:26:02",157,"4:38"
"Running",2023-06-14 18:29:56,"Hollywood Running",4.99,"00:25:02",145,"5:01"
"Running",2024-06-16 06:09:33,"Hollywood Running",24.7,"02:28:37",127,"6:01"
"Running",2023-01-30 18:00:33,"Hollywood Running",4.99,"00:24:56",158,"5:00"
"Running",2024-10-22 06:30:01,"Westwood Running",5,"00:26:24",134,"5:17"
"Running",2025-07-14 06:31:50,"Westwood Running",5.01,"00:27:11",148,"5:26"
"Running",2024-07-24 16:32:33,"Hollywood Running",11.01,"01:01:01",134,"5:32"
"Running",2024-07-10 15:59:48,"Hollywood Running",5.02,"00:25:48",148,"5:08"
"Running",2025-12-19 16:41:55,"Westwood Running",5.65,"00:28:47",154,"5:06"
"Running",2023-07-06 15:02:46,"Hollywood Running",7.38,"00:36:01",156,"4:53"
"Running",2021-01-29 17:10:07,"Westwood Running",6.94,"00:32:44",160,"4:43"
"Running",2022-01-28 05:53:40,"Hollywood Running",5.64,"00:29:59",141,"5:19"
"Running",2023-07-17 08:41:53,"Westwood Running",5.49,"00:29:53",127,"5:27"
"Running",2022-11-23 18:04:36,"Westwood Running",1.7,"00:08:17.7",154,"4:53"
"Running",2023-09-19 06:19:35,"Westwood Running",4.53,"00:24:56",134,"5:30"
"Running",2023-09-06 15:48:12,"Westwood Running",5.06,"00:25:08",145,"4:58"
"Running",2024-08-23 17:59:38,"Westwood Running",5.02,"00:24:38",151,"4:54"
"Running",2024-09-21 08:34:34,"Hollywood Running",11.56,"00:54:14",154,"4:41"
"Running",2025-08-28 06:35:28,"Westwood Running",13.89,"01:26:50",121,"6:15"
"Running",2021-03-29 06:42:18,"Hollywood Running",8.93,"00:46:25",149,"5:12"
"Running",2020-04-10 06:35:33,"Westwood Running",8.9,"00:44:44",153,"5:02"
"Running",2024-05-07 17:47:52,"Westwood Running",5.01,"00:25:25",160,"5:04"
"Running",2022-06-17 08:42:55,"Westwood Running",7.18,"00:36:52",159,"5:08"
"Running",2022-06-10 17:32:06,"Hollywood Running",7.41,"00:34:34",162,"4:40"
"Running",2021-03-24 17:38:30,"Hollywood Running",5.65,"00:26:23",167,"4:40"
"Running",2023-08-26 08:38:20,"Westwood Running",2.5,"00:12:36",146,"5:03"
"Running",2022-07-12 08:38:41,"Hollywood Running",5.59,"00:29:38",152,"5:18"
"Running",2025-03-07 16:23:10,"Westwood Running",9.17,"00:43:27",157,"4:44"
"Running",2024-01-10 17:03:30,"Hollywood Running",5.59,"00:28:00",165,"5:01"
"Running",2020-12-19 15:11:27,"Westwood Running",4.7,"00:21:31",165,"4:35"
"Running",2023-01-20 05:54:37,"Hollywood Running",10.24,"00:54:04",153,"5:17"
"Running",2024-08-12 17:05:44,"Westwood Running",4.99,"00:26:34",151,"5:19"
"Running",2023-12-12 06:13:31,"Hollywood Running",5.61,"00:30:17",134,"5:24"
"Running",2022-05-11 06:13:30,"Westwood Running",4.92,"00:25:41",150,"5:13"
"Running",2025-10-14 17:19:38,"Westwood Running",8.95,"00:44:30",148,"4:58"
"Running",2021-11-02 05:19:18,"Hollywood Running",10.22,"00:53:18",134,"5:13"
"Running",2024-10-03 06:23:02,"Hollywood Running",5.01,"00:28:27",133,"5:41"
"Running",2024-11-15 16:47:59,"Westwood Running",4.99,"00:26:13",138,"5:15"
"Running",2024-06-01 09:03:39,"Westwood Running",5.03,"00:19:56",172,"3:58"
"Running",2022-10-31 08:17:00,"Westwood Running",7.32,"00:39:26",154,"5:23"
"Running",2025-12-08 06:47:27,"Hollywood Running",5.62,"00:31:01",145,"5:31"
"Running",2020-11-08 07:41:44,"Hollywood Running",12.64,"01:03:59",153,"5:04"
"Running",2022-06-21 08:27:21,"Hollywood Running",8.97,"00:47:51",158,"5:20"
"Running",2021-02-13 07:03:20,"Westwood Running",15.28,"01:22:29",165,"5:24"
"Running",2024-05-25 08:25:20,"Westwood Running",3.43,"00:17:59",156,"5:15"
"Running",2023-03-03 17:24:32,"Hollywood Running",4.27,"00:21:06",147,"4:57"
"Running",2020-12-31 08:52:40,"Hollywood Running",5.72,"00:27:40",149,"4:50"
"Running",2025-04-01 06:32:58,"Westwood Running",5.02,"00:26:32",138,"5:17"
"Running",2025-01-08 17:16:54,"Hollywood Running",5.02,"00:25:41",159,"5:07"
"Running",2023-04-03 06:15:25,"Westwood Running",23.03,"02:02:56",147,"5:20"
"Running",2022-07-13 18:08:27,"Westwood Running",2.18,"00:10:34",147,"4:51"
"Running",2025-06-02 17:52:21,"Hollywood Running",5.07,"00:25:04",155,"4:57"
"Running",2023-10-29 09:00:10,"Westwood Running",21.19,"01:30:32",171,"4:16"
"Running",2023-02-02 15:05:28,"Hollywood Running",5.53,"00:27:48",148,"5:02"
"Running",2024-11-30 09:20:13,"Hollywood Running",0.71,"00:03:54.9",170,"5:32"
"Running",2022-12-16 06:15:06,"Westwood Running",4.97,"00:25:21",157,"5:06"
"Running",2022-04-13 06:18:34,"Westwood Running",11.64,"01:03:42",150,"5:28"
"Running",2025-12-16 16:53:36,"Westwood Running",15.66,"01:22:13",149,"5:15"
"Running",2023-05-12 17:18:38,"Westwood Running",4.98,"00:24:36",138,"4:56"
"Running",2023-03-15 18:22:00,"Westwood Running",1.41,"00:06:24.3",130,"4:32"
"Running",2021-09-22 06:14:12,"Hollywood Running",4.91,"00:26:20",143,"5:22"
"Running",2023-02-02 08:38:08,"Hollywood Running",6.04,"00:32:19",149,"5:21"
"Treadmill Running",2025-01-26 08:39:23,"Treadmill Running",1.5,"00:08:59.3",141,"6:00"
"Running",2025-09-23 06:37:16,"Westwood Running",5.02,"00:26:45",149,"5:20"
"Running",2024-01-29 06:09:37,"Hollywood Running",5.6,"00:31:26",142,"5:37"
"Running",2023-11-13 05:35:24,"Hollywood Running",10.04,"00:54:00",153,"5:23"
"Running",2025-11-17 06:38:29,"Hollywood Running",5.01,"00:27:04",151,"5:24"
"Running",2024-04-07 07:19:48,"Hollywood Running",66.8,"08:46:00",139,"7:52"
"Running",2022-05-03 17:29:55,"Westwood Running",5.02,"00:24:26",157,"4:52"
"Running",2022-03-27 06:24:26,"Westwood Running",22.59,"02:04:06",147,"5:30"
"Running",2022-09-11 09:00:13,"Westwood Running",21.09,"01:34:15",168,"4:28"
"Running",2024-12-04 18:43:52,"Hollywood Running",5.65,"00:29:37",139,"5:15"
"Running",2020-05-15 06:40:36,"Hollywood Running",5.81,"00:28:37",169,"4:55"
"Running",2023-01-18 05:44:53,"Westwood Running",10.06,"00:56:09",157,"5:35"
"Running",2023-07-22 09:02:56,"Westwood Running",4.99,"00:20:25",178,"4:05"
"Running",2025-08-22 16:41:54,"Hollywood Running",4.42,"00:23:04",149,"5:13"
"Running",2021-12-12 06:32:50,"Hollywood Running",8.64,"00:46:15",154,"5:21"
"Running",2022-10-04 17:27:18,"Westwood Running",5,"00:25:03",145,"5:01"
"Running",2023-04-17 08:06:00,"Westwood Running",5.66,"00:29:42",139,"5:15"
"Running",2025-01-29 17:30:21,"Westwood Running",5.62,"00:28:08",156,"5:00"
"Running",2024-06-14 15:52:19,"Hollywood Running",5.01,"00:26:24",149,"5:16"
"Running",2021-02-24 06:36:59,"Hollywood Running",5.53,"00:26:59",151,"4:53"
"Running",2024-12-08 06:30:22,"Hollywood Running",22.26,"01:56:58",140,"5:15"
"Running",2023-03-10 17:03:41,"Hollywood Running",8.47,"00:43:30",142,"5:08"
"Running",2024-03-04 17:55:15,"Hollywood Running",5.63,"00:29:40",133,"5:16"
"Running",2022-05-27 06:19:45,"Hollywood Running",4.6,"00:24:20",143,"5:18"
"Running",2025-11-17 17:11:31,"Westwood Running",7.29,"00:36:38",149,"5:01"
"Running",2020-09-01 06:41:07,"Hollywood Running",6.87,"00:35:56",159,"5:14"
"Running",2025-07-15 06:29:37,"Westwood Running",5,"00:27:23",144,"5:28"
"Running",2024-05-19 06:24:11,"Westwood Running",25.34,"02:25:33",137,"5:45"
"Running",2023-03-22 18:23:35,"Westwood Running",1.68,"00:08:23.2",138,"5:00"
"Running",2020-02-12 17:04:51,"Hollywood Running",5.36,"00:27:18",167,"5:06"
"Running",2024-10-23 06:25:21,"Westwood Running",5.01,"00:27:02",139,"5:24"
"Running",2021-08-14 07:14:22,"Westwood Running",10.13,"00:53:10",178,"5:15"
"Running",2022-01-21 06:13:00,"Hollywood Running",4.98,"00:25:27",154,"5:07"
"Running",2023-10-11 08:07:41,"Hollywood Running",4.98,"00:26:29",150,"5:19"
"Running",2024-03-09 09:25:53,"Westwood Running",9.76,"00:54:50",141,"5:37"
"Running",2024-08-05 17:50:37,"Westwood Running",4.43,"00:23:39",143,"5:20"
"Running",2025-09-16 06:39:48,"Westwood Running",5.04,"00:27:06",140,"5:23"
"Running",2022-01-31 15:50:13,"Westwood Running",5.6,"00:28:10",144,"5:02"
"Running",2021-02-01 15:42:35,"Hollywood Running",5.59,"00:26:09",154,"4:40"
"Running",2024-12-22 07:04:08,"Westwood Running",17.59,"01:45:24",128,"6:00"
"Running",2024-09-04 18:02:42,"Hollywood Running",5.02,"00:26:03",154,"5:12"
"Running",2020-10-05 07:29:20,"Westwood Running",5.86,"00:27:13",178,"4:38"
"Running",2021-03-23 06:19:37,"Hollywood Running",6.93,"00:33:51",153,"4:53"
"Running",2022-05-15 06:38:56,"Hollywood Running",27.64,"02:27:30",157,"5:20"
"Running",2021-01-08 11:50:38,"Hollywood Running",5.01,"00:23:45",165,"4:44"
"Running",2025-01-21 16:03:56,"Westwood Running",5.01,"00:24:52",138,"4:58"
"Running",2023-09-15 06:16:30,"Westwood Running",4.53,"00:25:14",141,"5:34"
"Running",2021-04-11 07:45:55,"Westwood Running",15.15,"01:18:33",147,"5:11"
"Running",2024-05-31 17:56:55,"Hollywood Running",5.03,"00:26:15",154,"5:13"
"Running",2024-08-17 08:34:54,"Westwood Running",3.42,"00:17:14",143,"5:02"
"Running",2024-03-15 06:12:27,"Hollywood Running",4.67,"00:25:11",143,"5:24"
"Running",2023-05-28 06:07:03,"Westwood Running",26.27,"02:20:49",138,"5:22"
"Running",2024-01-08 17:34:10,"Westwood Running",5.01,"00:25:34",153,"5:06"
"Running",2024-12-02 06:36:13,"Westwood Running",5.61,"00:30:43",129,"5:28"
"Running",2025-08-05 17:46:54,"Hollywood Running",6.61,"00:33:14",150,"5:02"
"Running",2022-05-24 16:16:04,"Hollywood Running",5.04,"00:25:10",138,"5:00"
"Running",2022-11-09 06:13:43,"Westwood Running",4.62,"00:24:37",154,"5:20"
"Running",2025-12-22 06:53:59,"Westwood Running",5.63,"00:31:18",136,"5:34"
"Running",2020-10-03 07:27:54,"Westwood Running",7.99,"00:39:58",140,"5:00"
"Running",2024-12-09 06:41:42,"Hollywood Running",6.1,"00:31:22",147,"5:08"
"Running",2025-02-06 17:07:08,"Westwood Running",11.38,"00:55:28",154,"4:52"
"Running",2024-06-03 16:49:37,"Westwood Running",4.44,"00:24:12",149,"5:27"
"Running",2023-05-26 06:11:31,"Hollywood Running",4.56,"00:24:00",145,"5:16"
"Running",2020-12-24 07:49:36,"Westwood Running",10.17,"00:48:46",154,"4:48"
"Running",2020-04-24 06:43:11,"Hollywood Running",4.65,"00:23:47",156,"5:07"
"Running",2022-01-12 06:17:54,"Westwood Running",4.97,"00:26:22",153,"5:18"
"Running",2024-12-26 06:36:07,"Westwood Running",25.69,"02:30:41",143,"5:52"
"Running",2025-03-23 06:25:42,"Hollywood Running",28.92,"02:43:32",130,"5:39"
"Running",2025-01-11 06:36:42,"Westwood Running",7.68,"00:44:46",131,"5:50"
"Running",2024-10-16 16:52:36,"Hollywood Running",5.64,"00:29:40",149,"5:16"
"Running",2021-03-01 15:45:45,"Westwood Running",5.92,"00:28:41",157,"4:51"
"Running",2020-07-25 07:21:18,"Hollywood Running",6.43,"00:32:49",159,"5:06"
"Running",2025-02-27 17:43:05,"Westwood Running",5.01,"00:24:41",141,"4:55"
"Running",2024-05-23 06:11:45,"Hollywood Running",5.74,"00:30:25",157,"5:18"
"Running",2024-10-17 06:29:20,"Hollywood Running",4.98,"00:27:10",138,"5:27"
"Running",2025-01-13 16:19:42,"Hollywood Running",5.02,"00:26:24",141,"5:16"
"Running",2020-12-14 18:37:05,"Westwood Running",4.74,"00:21:48",135,"4:36"
"Running",2025-09-13 07:51:18,"Westwood Running",7.78,"00:41:55",132,"5:23"
"Running",2022-06-28 08:22:27,"Westwood Running",7.47,"00:42:12",145,"5:39"
"Running",2020-11-29 07:42:27,"Westwood Running",10.65,"00:53:56",160,"5:04"
"Running",2020-05-31 08:21:44,"Westwood Running",10.85,"00:57:53",158,"5:20"
"Running",2024-07-03 16:11:13,"Westwood Running",5.01,"00:26:24",144,"5:16"
"Running",2025-06-28 09:26:31,"Westwood Running",0.61,"00:03:06.3",158,"5:07"
"Running",2024-03-04 06:17:42,"Hollywood Running",5.62,"00:31:36",141,"5:37"
"Running",2024-06-20 06:13:55,"Westwood Running",4.69,"00:26:45",141,"5:42"
"Running",2024-11-30 08:59:32,"Hollywood Running",5,"00:19:33",168,"3:54"
"Running",2025-07-21 06:36:57,"Hollywood Running",5.01,"00:26:45",148,"5:21"
"Running",2020-08-26 17:24:14,"Westwood Running",5.23,"00:26:02",169,"4:59"
"Running",2020-09-30 06:24:49,"Hollywood Running",4.94,"00:24:45",163,"5:00"
"Running",2023-08-19 09:22:47,"Hollywood Running",1.24,"00:07:22",154,"5:57"
"Running",2022-05-13 17:48:19,"Westwood Running",5.65,"00:27:58",150,"4:57"
"Running",2024-09-22 06:41:12,"Hollywood Running",22.33,"02:16:16",127,"6:06"
"Running",2025-02-23 06:07:44,"Hollywood Running",36.48,"03:19:44",149,"5:29"
"Running",2020-08-16 08:32:18,"Westwood Running",8.43,"00:42:08",161,"5:00"
"Running",2023-11-22 16:03:22,"Westwood Running",5.01,"00:25:39",157,"5:07"
"Running",2021-10-29 05:43:33,"Westwood Running",6.88,"00:37:23",146,"5:26"
"Running",2023-03-21 18:25:14,"Hollywood Running",4.99,"00:25:20",156,"5:04"
"Running",2023-01-04 18:26:00,"Westwood Running",1.66,"00:07:56.3",144,"4:47"
"Running",2021-02-02 10:33:06,"Hollywood Running",5.55,"00:26:17",160,"4:44"
"Running",2025-08-08 06:42:45,"Hollywood Running",5,"00:26:24",132,"5:17"
"Running",2025-02-17 14:47:21,"Westwood Running",4.97,"00:25:32",147,"5:08"
"Running",2022-01-18 05:47:38,"Hollywood Running",4.98,"00:26:10",157,"5:15"
"Running",2023-07-11 17:23:34,"Hollywood Running",1.51,"00:07:18.9",148,"4:51"
"Running",2024-10-15 06:26:36,"Hollywood Running",5.01,"00:27:12",136,"5:26"
"Running",2021-04-07 06:19:18,"Westwood Running",4.57,"00:22:41",158,"4:58"
"Running",2023-08-01 06:42:55,"Westwood Running",14.1,"01:15:58",142,"5:23"
"Running",2022-03-09 06:11:48,"Hollywood Running",5.62,"00:28:42",149,"5:07"
"Running",2020-05-02 07:31:49,"Hollywood Running",5.77,"00:28:19",164,"4:55"
"Running",2021-02-11 11:06:56,"Hollywood Running",4.93,"00:24:03",161,"4:53"
"Running",2024-12-24 06:52:52,"Hollywood Running",22.29,"02:07:56",145,"5:44"
"Running",2024-11-06 08:08:34,"Hollywood Running",5,"00:27:03",137,"5:24"
"Running",2021-05-13 17:03:37,"Hollywood Running",5.97,"00:29:13",154,"4:54"
"Running",2025-07-04 06:40:38,"Westwood Running",5.01,"00:26:37",136,"5:19"
"Running",2023-05-30 05:58:12,"Hollywood Running",6.18,"00:31:35",146,"5:06"
"Running",2021-10-13 06:14:15,"Hollywood Running",4.94,"00:27:05",133,"5:29"
"Running",2023-09-12 17:15:08,"Westwood Running",5.04,"00:25:30",156,"5:03"
"Running",2023-06-13 17:16:03,"Westwood Running",2.71,"00:13:48",136,"5:06"
"Running",2024-08-10 09:02:55,"Hollywood Running",5.01,"00:19:48",171,"3:57"
"Treadmill Running",2020-03-21 07:57:48,"Treadmill Running",6,"00:30:03",149,"5:00"
"Running",2022-10-10 15:09:12,"Westwood Running",5.56,"00:26:51",149,"4:50"
"Running",2024-03-13 06:10:08,"Hollywood Running",5.62,"00:29:50",98,"5:18"
"Running",2024-01-12 18:14:49,"Hollywood Running",5.57,"00:28:42",155,"5:09"
"Running",2021-09-23 06:12:26,"Westwood Running",4.94,"00:27:30",148,"5:34"
"Running",2024-02-11 06:17:42,"Hollywood Running",30.06,"02:45:39",137,"5:31"
"Running",2025-09-15 06:31:07,"Hollywood Running",5.05,"00:28:29",128,"5:38"
"Running",2023-09-17 06:20:21,"Westwood Running",21.14,"02:01:30",133,"5:45"
"Running",2025-03-04 18:20:07,"Hollywood Running",5.02,"00:25:52",152,"5:09"
"Running",2024-07-28 06:31:08,"Hollywood Running",25.09,"02:20:22",135,"5:36"
"Running",2023-05-05 08:46:23,"Hollywood Running",5.39,"00:28:28",135,"5:17"
"Running",2020-06-11 06:29:56,"Hollywood Running",5.86,"00:30:26",160,"5:12"
"Running",2021-09-22 18:34:01,"Hollywood Running",1.4,"00:06:06.1",152,"4:21"
"Running",2022-02-02 18:33:25,"Hollywood Running",1.43,"00:06:50.1",154,"4:47"
"Running",2023-11-26 06:37:18,"Hollywood Running",22.36,"02:05:20",145,"5:36"
"Running",2022-09-26 08:42:05,"Westwood Running",6.18,"00:30:36",143,"4:57"
"Running",2023-07-27 15:34:11,"Hollywood Running",4.99,"00:25:11",126,"5:03"
"Running",2025-07-31 06:56:13,"Hollywood Running",10,"00:49:52",142,"4:59"
"Running",2023-10-24 17:31:36,"Hollywood Running",5.01,"00:25:17",147,"5:03"
"Running",2020-04-17 06:19:22,"Hollywood Running",10.05,"00:52:06",149,"5:11"
"Running",2025-01-05 07:17:58,"Hollywood Running",21.08,"01:58:20",142,"5:37"
"Running",2023-05-15 06:05:08,"Westwood Running",14.71,"01:26:22",137,"5:52"
"Running",2020-04-12 07:38:16,"Westwood Running",4.67,"00:23:23",145,"5:00"
"Running",2021-02-19 10:38:55,"Hollywood Running",6.47,"00:33:05",155,"5:07"
"Running",2024-10-02 17:17:40,"Westwood Running",4.99,"00:25:22",150,"5:05"
"Running",2022-11-15 05:57:17,"Hollywood Running",21.72,"01:54:45",136,"5:17"
"Running",2021-01-17 09:04:20,"Hollywood Running",16.59,"01:25:11",156,"5:08"
"Running",2023-08-08 17:19:06,"Hollywood Running",1.67,"00:08:12.7",137,"4:56"
"Running",2023-12-22 06:22:27,"Westwood Running",5.63,"00:30:29",150,"5:25"
"Running",2020-02-10 17:34:49,"Westwood Running",5.59,"00:27:24",139,"4:54"
"Running",2025-02-11 11:56:21,"Westwood Running",9.17,"00:44:22",140,"4:50"
"Running",2024-10-18 16:51:55,"Westwood Running",5.01,"00:24:48",154,"4:57"
"Running",2023-11-14 06:14:29,"Hollywood Running",5.58,"00:30:03",144,"5:23"
"Running",2022-08-22 06:09:49,"Hollywood Running",4.35,"00:22:24",154,"5:09"
"Running",2024-11-08 16:38:23,"Westwood Running",5.01,"00:25:41",154,"5:08"
"Running",2022-09-28 06:06:28,"Hollywood Running",4.46,"00:24:09",135,"5:25"
"Running",2025-05-27 06:20:37,"Hollywood Running",5.03,"00:27:53",140,"5:33"
"Running",2025-06-13 16:49:49,"Westwood Running",5.1,"00:25:51",139,"5:04"
"Running",2025-11-15 09:26:14,"Hollywood Running",3.51,"00:18:36",148,"5:18"
"Running",2022-10-07 17:16:12,"Westwood Running",4.97,"00:24:34",140,"4:57"
"Running",2023-05-19 08:41:48,"Hollywood Running",6.1,"00:31:11",147,"5:07"
"Running",2023-01-31 08:42:05,"Hollywood Running",6.04,"00:31:42",146,"5:15"
"Running",2024-10-11 16:55:38,"Hollywood Running",5.01,"00:25:01",144,"4:59"
"Running",2020-05-17 07:08:14,"Hollywood Running",15.12,"01:19:54",167,"5:17"
"Running",2025-11-02 06:56:03,"Westwood Running",22.23,"01:57:23",153,"5:17"
"Running",2025-01-22 18:08:01,"Westwood Running",9.52,"00:44:28",170,"4:40"
"Running",2022-08-28 06:31:19,"Westwood Running",22.86,"01:59:34",152,"5:14"
"Running",2022-09-27 08:42:52,"Westwood Running",6.23,"00:30:07",159,"4:50"
"Running",2022-05-18 18:17:21,"Hollywood Running",1.63,"00:07:31.2",152,"4:37"
"Running",2024-02-09 17:14:39,"Westwood Running",5.6,"00:27:12",153,"4:51"
"Running",2025-05-01 06:32:00,"Hollywood Running",5.01,"00:27:11",142,"5:25"
"Running",2023-06-09 06:07:11,"Westwood Running",4.28,"00:23:13",143,"5:26"
"Running",2021-10-05 09:41:08,"Westwood Running",4.6,"00:25:00",149,"5:26"
"Running",2021-11-10 18:23:32,"Hollywood Running",2.38,"00:11:06",151,"4:40"
"Running",2024-06-15 09:26:56,"Westwood Running",3.49,"00:19:44",155,"5:39"
"Running",2022-02-08 08:44:21,"Hollywood Running",5.54,"00:27:44",146,"5:01"
"Running",2022-03-25 06:06:57,"Westwood Running",9.86,"00:52:25",157,"5:19"
"Running",2024-09-29 06:40:50,"Hollywood Running",23.91,"02:14:07",129,"5:37"
"Running",2022-05-12 08:45:03,"Hollywood Running",5.8,"00:29:17",159,"5:03"
"Running",2021-11-12 17:39:16,"Westwood Running",5.59,"00:27:29",144,"4:55"
"Running",2024-09-09 17:28:30,"Hollywood Running",5.02,"00:27:33",146,"5:30"
"Running",2025-03-26 05:37:46,"Westwood Running",12.28,"00:58:50",159,"4:47"
"Running",2022-09-23 06:12:29,"Westwood Running",4.51,"00:23:40",156,"5:15"
"Running",2024-10-10 15:51:40,"Hollywood Running",7.29,"00:38:14",144,"5:15"
"Running",2023-07-12 17:33:37,"Hollywood Running",5.03,"00:23:57",158,"4:46"
"Running",2021-08-27 17:17:02,"Hollywood Running",5.37,"00:25:18",152,"4:43"
"Running",2024-02-06 06:16:55,"Hollywood Running",5.66,"00:30:04",138,"5:19"
"Running",2025-05-28 16:57:04,"Westwood Running",5.02,"00:27:01",148,"5:23"
"Running",2024-07-29 06:17:52,"Westwood Running",5,"00:27:58",134,"5:36"
"Running",2025-08-01 17:10:02,"Westwood Running",10.12,"00:51:10",145,"5:03"
"Running",2023-06-14 06:10:25,"Westwood Running",4.61,"00:24:50",126,"5:23"
"Running",2020-04-29 16:18:42,"Westwood Running",4.68,"00:22:08",140,"4:44"
"Running",2020-02-03 07:12:16,"Westwood Running",10.77,"01:07:47",154,"6:18"
"Running",2023-10-07 09:26:19,"Westwood Running",1,"00:05:17.5",167,"5:18"
"Running",2025-09-03 17:50:31,"Westwood Running",5.08,"00:25:57",156,"5:07"
"Running",2022-08-05 06:12:37,"Hollywood Running",11.85,"01:01:10",144,"5:10"
"Running",2022-09-09 06:16:47,"Hollywood Running",4.94,"00:24:55",148,"5:03"
"Running",2021-09-26 06:42:27,"Westwood Running",13.93,"01:21:57",142,"5:53"
"Running",2023-11-04 09:03:46,"Hollywood Running",4.94,"00:20:09",174,"4:05"
"Running",2023-05-23 08:44:06,"Hollywood Running",6.19,"00:31:57",140,"5:10"
"Running",2021-04-21 09:47:35,"Westwood Running",5.35,"00:26:09",168,"4:53"
"Running",2025-09-02 06:32:16,"Westwood Running",5.06,"00:25:06",140,"4:58"
"Running",2025-10-22 06:36:43,"Westwood Running",5.01,"00:27:53",128,"5:34"
"Running",2022-05-27 17:48:07,"Westwood Running",5.33,"00:26:30",160,"4:58"
"Running",2022-07-29 17:28:34,"Hollywood Running",5.93,"00:29:43",132,"5:01"
"Running",2021-06-13 05:30:20,"Westwood Running",28,"02:24:33",161,"5:10"
"Running",2023-05-10 06:10:30,"Hollywood Running",4.67,"00:25:09",140,"5:23"
"Running",2025-12-08 16:35:55,"Westwood Running",8.77,"00:46:14",152,"5:16"
"Running",2024-07-26 17:53:17,"Westwood Running",5.97,"00:31:27",136,"5:16"
"Running",2023-02-23 06:23:12,"Westwood Running",21.64,"01:53:51",155,"5:16"
"Running",2020-10-21 17:22:32,"Hollywood Running",5.53,"00:27:06",171,"4:54"
"Running",2025-02-02 09:05:43,"Westwood Running",21.12,"01:28:39",172,"4:12"
"Running",2024-03-22 17:09:55,"Hollywood Running",5.03,"00:26:18",142,"5:14"
"Running",2023-03-21 08:40:00,"Westwood Running",6.22,"00:31:16",144,"5:01"
"Running",2023-06-25 08:30:52,"Hollywood Running",21.1,"01:37:54",167,"4:38"
"Running",2024-01-26 06:14:43,"Hollywood Running",4.97,"00:27:34",148,"5:33"
"Running",2020-07-14 06:54:32,"Westwood Running",6.35,"00:32:24",155,"5:06"
"Running",2024-01-18 06:22:14,"Westwood Running",4.96,"00:25:37",146,"5:10"
"Running",2024-09-19 17:28:21,"Hollywood Running",5,"00:24:26",161,"4:53"
"Running",2023-06-12 08:40:48,"Hollywood Running",6.13,"00:33:15",154,"5:26"
"Running",2020-02-14 06:19:30,"Hollywood Running",5.58,"00:28:34",159,"5:07"
"Running",2024-08-21 17:40:20,"Westwood Running",5,"00:26:30",131,"5:18"
"Running",2022-03-10 15:14:29,"Hollywood Running",4.02,"00:20:56",137,"5:12"
"Running",2025-11-19 06:42:44,"Hollywood Running",5.01,"00:27:52",137,"5:34"
"Running",2023-08-27 15:10:36,"Hollywood Running",14.42,"01:10:25",169,"4:53"
"Running",2022-09-14 06:21:22,"Hollywood Running",4.56,"00:24:29",161,"5:22"
"Running",2022-06-17 17:47:48,"Westwood Running",6.94,"00:36:47",139,"5:18"
"Running",2024-04-02 17:19:44,"Hollywood Running",5.04,"00:26:09",148,"5:12"
"Running",2023-08-30 06:00:58,"Hollywood Running",5.58,"00:28:56",139,"5:11"
"Running",2021-04-28 06:12:23,"Hollywood Running",4.55,"00:22:54",158,"5:02"
"Running",2021-12-17 18:03:13,"Hollywood Running",5,"00:22:50",155,"4:34"
"Running",2022-01-28 17:44:34,"Westwood Running",4.97,"00:25:10",142,"5:04"
"Running",2024-01-15 06:15:23,"Westwood Running",4.93,"00:26:59",154,"5:29"
"Running",2025-11-09 07:48:13,"Hollywood Running",21.26,"02:09:02",124,"6:04"
"Running",2023-06-15 17:00:04,"Hollywood Running",12.18,"01:03:31",148,"5:13"
"Running",2022-08-20 06:34:18,"Westwood Running",21.13,"01:48:45",156,"5:09"
"Running",2025-12-12 14:04:35,"Hollywood Running",8.75,"00:44:39",152,"5:06"
"Running",2023-11-16 16:12:41,"Westwood Running",5.55,"00:29:06",155,"5:14"
"Running",2023-12-06 06:13:31,"Westwood Running",5.6,"00:30:20",151,"5:25"
"Running",2024-05-13 17:55:20,"Hollywood Running",5.01,"00:25:17",154,"5:03"
"Running",2020-09-09 06:12:54,"Westwood Running",4.91,"00:24:39",164,"5:01"
"Running",2020-06-07 06:52:39,"Hollywood Running",10.54,"00:55:52",165,"5:18"
"Running",2022-11-09 18:20:10,"Hollywood Running",1.77,"00:08:01.8",93,"4:32"
"Running",2021-10-31 05:37:36,"Hollywood Running",13.42,"01:11:58",139,"5:22"
"Running",2023-01-10 08:28:42,"Hollywood Running",4.97,"00:26:35",156,"5:21"
"Running",2023-07-10 06:13:44,"Westwood Running",4.57,"00:24:23",148,"5:20"
"Running",2021-10-20 06:13:14,"Hollywood Running",5.58,"00:29:55",153,"5:21"
"Running",2021-04-04 06:55:31,"Westwood Running",15.04,"01:20:06",140,"5:19"
"Running",2024-11-14 06:24:43,"Hollywood Running",10.64,"00:57:57",145,"5:27"
"Running",2024-09-14 06:56:23,"Hollywood Running",14.32,"01:17:00",147,"5:23"
"Running",2022-03-30 06:30:02,"Westwood Running",4.95,"00:25:03",149,"5:04"
"Running",2022-04-28 15:03:32,"Westwood Running",5.53,"00:28:20",149,"5:07"
"Running",2022-03-30 14:08:57,"Hollywood Running",5.45,"00:26:45",160,"4:55"
"Running",2024-01-05 07:02:03,"Westwood Running",10.64,"00:54:49",156,"5:09"
"Running",2025-06-16 17:31:28,"Westwood Running",5.05,"00:28:29",137,"5:38"
"Running",2022-09-06 17:31:57,"Westwood Running",6.13,"00:27:53",158,"4:33"
"Running",2020-04-28 06:45:52,"Hollywood Running",4.66,"00:24:18",147,"5:13"
"Running",2021-09-08 17:36:01,"Hollywood Running",5.35,"00:25:32",173,"4:47"
"Running",2024-10-30 06:22:44,"Hollywood Running",5.01,"00:26:56",139,"5:22"
"Running",2022-12-11 09:46:45,"Hollywood Running",27.01,"02:27:11",149,"5:27"
"Running",2020-12-16 18:06:37,"Westwood Running",5.6,"00:25:51",159,"4:37"
"Running",2021-10-12 17:19:12,"Westwood Running",5.04,"00:26:39",150,"5:17"
"Running",2025-07-21 17:11:01,"Westwood Running",11.68,"00:58:46",146,"5:02"
"Running",2024-11-09 09:23:18,"Hollywood Running",0.68,"00:03:27.5",160,"5:05"
"Running",2023-09-30 09:02:33,"Hollywood Running",5.01,"00:19:51",181,"3:58"
"Running",2023-01-06 17:20:23,"Westwood Running",5.56,"00:26:03",153,"4:41"
"Running",2022-09-26 15:05:08,"Hollywood Running",5.58,"00:27:20",157,"4:54"
"Running",2023-07-24 06:14:38,"Hollywood Running",4.8,"00:25:30",130,"5:19"
"Running",2022-01-18 17:27:39,"Westwood Running",5.58,"00:26:35",158,"4:46"
"Running",2024-05-02 06:10:46,"Hollywood Running",5.34,"00:30:13",134,"5:40"
"Running",2023-05-09 08:10:50,"Hollywood Running",6.67,"00:36:06",147,"5:25"
"Running",2025-01-27 06:16:48,"Hollywood Running",5.01,"00:27:40",132,"5:31"
"Running",2022-06-02 07:08:16,"Westwood Running",10.54,"00:55:36",147,"5:17"
"Running",2023-04-28 06:18:27,"Hollywood Running",4.58,"00:24:56",145,"5:26"
"Running",2021-09-08 06:06:01,"Hollywood Running",4.43,"00:21:52",166,"4:56"
"Running",2021-12-17 05:42:46,"Hollywood Running",4.96,"00:25:26",156,"5:08"
"Running",2023-07-14 06:18:00,"Westwood Running",4.3,"00:23:07",145,"5:23"
"Running",2024-04-14 06:22:17,"Hollywood Running",21.19,"01:58:45",147,"5:36"
"Running",2022-05-17 06:15:29,"Westwood Running",4.58,"00:23:58",156,"5:14"
"Running",2022-08-24 18:19:46,"Hollywood Running",5.05,"00:25:25",137,"5:02"
"Running",2023-07-16 06:16:44,"Hollywood Running",21.16,"01:55:48",130,"5:28"
"Running",2023-01-01 05:49:45,"Westwood Running",26.76,"02:20:49",156,"5:16"
"Running",2021-09-10 17:35:41,"Hollywood Running",4.94,"00:24:19",165,"4:55"
"Running",2025-02-16 06:38:44,"Westwood Running",35.1,"03:13:39",131,"5:31"
"Running",2024-04-29 06:11:21,"Hollywood Running",4.7,"00:25:05",147,"5:20"
"Running",2025-06-20 16:40:12,"Hollywood Running",5.08,"00:25:43",146,"5:04"
"Running",2025-05-18 09:41:47,"Hollywood Running",42.4,"03:32:33",168,"5:01"
"Running",2025-11-13 11:41:11,"Westwood Running",11.06,"00:53:02",161,"4:48"
"Running",2025-03-31 06:31:42,"Hollywood Running",5.04,"00:28:24",143,"5:38"
"Running",2020-08-21 17:17:55,"Hollywood Running",5.02,"00:24:22",157,"4:51"
"Running",2023-07-10 18:42:16,"Westwood Running",4.33,"00:21:29",146,"4:58"
"Running",2021-07-16 17:43:10,"Hollywood Running",5.42,"00:26:44",171,"4:56"
"Running",2022-02-09 08:41:46,"Hollywood Running",6.15,"00:31:35",137,"5:08"
"Running",2023-03-08 08:39:49,"Hollywood Running",6.03,"00:32:46",155,"5:26"
"Running",2025-01-28 17:38:30,"Westwood Running",8.8,"00:42:34",158,"4:50"
"Running",2024-02-20 06:13:32,"Westwood Running",5.7,"00:30:17",140,"5:19"
"Running",2021-03-21 06:36:08,"Westwood Running",21.26,"01:44:38",163,"4:55"
"Running",2022-10-03 17:51:12,"Westwood Running",8.15,"00:40:12",147,"4:56"
"Running",2022-09-27 17:33:11,"Hollywood Running",5.04,"00:24:02",148,"4:46"
"Running",2021-09-17 06:13:19,"Hollywood Running",4.95,"00:26:49",152,"5:25"
"Running",2023-10-27 06:14:18,"Hollywood Running",5.02,"00:26:09",141,"5:13"
"Running",2024-11-06 16:57:48,"Westwood Running",5.03,"00:26:37",151,"5:17"
"Running",2023-01-30 08:42:00,"Hollywood Running",6.06,"00:32:13",160,"5:19"
"Running",2023-11-05 06:18:37,"Westwood Running",22.25,"02:04:35",136,"5:36"
"Running",2025-10-21 06:45:31,"Hollywood Running",5.01,"00:27:07",128,"5:25"
"Running",2025-02-19 06:27:11,"Hollywood Running",5,"00:27:28",142,"5:30"
"Running",2024-03-12 17:39:00,"Westwood Running",5.01,"00:26:42",141,"5:20"
"Running",2024-03-21 16:20:57,"Hollywood Running",5.03,"00:25:43",152,"5:07"
"Running",2025-05-06 17:42:59,"Hollywood Running",5.03,"00:25:02",141,"4:59"
"Running",2022-04-19 17:35:33,"Hollywood Running",5.29,"00:26:23",148,"5:00"
"Running",2023-10-11 15:37:42,"Hollywood Running",5.02,"00:26:08",133,"5:12"
"Running",2024-03-20 06:14:50,"Westwood Running",4.73,"00:25:39",136,"5:25"
"Running",2024-11-03 06:01:19,"Hollywood Running",24.43,"02:17:15",142,"5:37"
"Running",2025-03-13 06:24:57,"Hollywood Running",4.99,"00:26:08",131,"5:14"
"Running",2021-10-22 17:43:56,"Hollywood Running",5.61,"00:26:47",150,"4:46"
"Running",2024-08-17 09:02:11,"Westwood Running",5.03,"00:19:42",173,"3:55"
"Running",2023-04-22 10:41:36,"Hollywood Running",1.49,"00:06:52.1",152,"4:37"
"Running",2025-01-27 18:06:57,"Westwood Running",5.02,"00:26:42",144,"5:19"
"Running",2020-08-12 06:24:36,"Hollywood Running",4.96,"00:26:06",144,"5:16"
"Running",2021-11-23 05:49:52,"Westwood Running",5.93,"00:30:17",145,"5:06"
"Running",2024-10-06 10:43:28,"Hollywood Running",1,"00:05:24.1",163,"5:23"
"Running",2022-02-18 05:44:46,"Hollywood Running",5.52,"00:28:43",158,"5:12"
"Running",2020-07-01 17:21:28,"Hollywood Running",5.04,"00:23:52",171,"4:44"
"Running",2024-09-05 06:07:55,"Westwood Running",5,"00:26:50",127,"5:22"
"Running",2025-11-26 06:35:57,"Westwood Running",5.02,"00:28:10",132,"5:37"
"Running",2021-12-01 17:24:43,"Westwood Running",5.57,"00:26:49",164,"4:49"
"Running",2023-03-24 17:20:06,"Westwood Running",5,"00:25:22",141,"5:04"
"Running",2022-10-26 18:22:13,"Hollywood Running",5.02,"00:24:01",160,"4:47"
"Running",2023-12-20 06:14:15,"Westwood Running",5.59,"00:30:55",137,"5:31"
"Running",2024-03-20 17:09:49,"Westwood Running",5.01,"00:23:00",167,"4:35"
"Running",2024-11-12 07:58:34,"Hollywood Running",5.92,"00:30:41",137,"5:11"
"Running",2023-06-27 17:20:43,"Westwood Running",1.67,"00:08:39.1",132,"5:11"
"Running",2024-08-16 17:12:12,"Hollywood Running",5.02,"00:25:22",148,"5:03"
"Running",2022-07-26 17:31:36,"Hollywood Running",4.29,"00:22:08",154,"5:10"
"Running",2020-03-08 07:33:26,"Westwood Running",10.58,"00:55:59",159,"5:17"
"Running",2023-12-29 06:56:22,"Hollywood Running",8.01,"00:45:49",145,"5:43"
"Running",2024-04-05 17:15:17,"Westwood Running",5.04,"00:24:48",145,"4:55"
"Running",2022-10-14 05:51:41,"Westwood Running",4.94,"00:25:06",153,"5:05"
"Running",2023-11-21 17:26:17,"Westwood Running",1.62,"00:08:00.1",158,"4:56"
"Running",2025-09-16 16:52:14,"Westwood Running",11.99,"01:02:33",158,"5:13"
"Running",2025-09-07 09:05:07,"Westwood Running",21.09,"01:33:51",172,"4:27"
"Running",2024-11-27 06:26:09,"Hollywood Running",5,"00:27:28",141,"5:30"
"Running",2022-09-23 17:26:53,"Westwood Running",4.39,"00:21:39",162,"4:56"
"Running",2023-04-17 15:51:23,"Hollywood Running",5.59,"00:24:53",160,"4:27"
"Running",2023-04-23 06:28:36,"Westwood Running",23.59,"02:04:55",136,"5:18"
"Running",2024-01-16 17:18:20,"Hollywood Running",1.59,"00:08:00.1",154,"5:03"
"Running",2023-09-25 06:11:45,"Hollywood Running",4.51,"00:25:39",142,"5:41"
"Running",2023-08-26 09:02:03,"Hollywood Running",4.88,"00:20:57",168,"4:18"
"Running",2025-11-23 07:09:37,"Hollywood Running",21.11,"02:06:18",135,"5:59"
"Running",2022-03-23 06:05:53,"Hollywood Running",9.38,"00:48:52",156,"5:13"
"Running",2022-11-20 06:20:57,"Hollywood Running",22.51,"02:03:47",148,"5:30"
"Running",2021-09-03 06:12:13,"Hollywood Running",4.53,"00:23:14",160,"5:08"
"Running",2021-04-16 06:08:08,"Westwood Running",9.43,"00:48:05",165,"5:06"
"Running",2020-08-03 14:18:05,"Hollywood Running",12.14,"01:10:07",160,"5:47"
"Running",2023-04-20 15:07:45,"Westwood Running",5.6,"00:26:29",155,"4:44"
"Running",2022-02-22 17:35:06,"Westwood Running",5.55,"00:26:14",166,"4:43"
"Running",2024-03-05 06:25:26,"Hollywood Running",6.92,"00:37:17",98,"5:23"
"Running",2023-09-02 09:03:21,"Westwood Running",5,"00:19:58",179,"3:59"
"Running",2021-11-23 13:44:12,"Hollywood Running",5.68,"00:28:38",160,"5:03"
"Running",2021-11-16 05:52:45,"Hollywood Running",5.69,"00:28:45",151,"5:03"
"Running",2024-06-11 17:57:32,"Westwood Running",3.53,"00:21:34",122,"6:06"
"Running",2021-02-26 17:34:44,"Westwood Running",5.02,"00:23:28",160,"4:41"
"Running",2025-06-22 06:42:31,"Westwood Running",24.14,"02:27:09",146,"6:06"
"Running",2025-09-14 12:00:51,"Hollywood Running",10.08,"00:41:48",178,"4:09"
"Running",2024-10-10 06:30:52,"Hollywood Running",5.67,"00:30:05",144,"5:19"
"Running",2024-05-28 06:16:03,"Hollywood Running",4.69,"00:27:12",136,"5:48"
"Running",2024-03-11 17:14:06,"Westwood Running",5.01,"00:26:00",132,"5:11"
"Running",2023-12-20 16:02:02,"Westwood Running",4.96,"00:26:24",152,"5:19"
"Running",2023-03-28 17:36:05,"Hollywood Running",4.97,"00:25:04",145,"5:03"
"Running",2022-11-02 06:04:00,"Hollywood Running",5.01,"00:25:45",150,"5:09"
"Running",2020-08-11 08:06:13,"Westwood Running",4.04,"00:19:50",155,"4:55"
"Running",2025-11-08 09:25:30,"Westwood Running",3.53,"00:18:26",139,"5:14"
"Running",2022-02-27 06:20:48,"Hollywood Running",21.13,"01:49:08",140,"5:10"
"Running",2021-02-07 08:26:52,"Westwood Running",10.7,"00:53:48",155,"5:02"
"Running",2023-10-22 06:20:45,"Hollywood Running",22.18,"02:02:43",135,"5:32"
"Running",2024-08-29 06:31:43,"Hollywood Running",9.68,"00:53:10",141,"5:30"
"Running",2025-12-23 07:02:00,"Hollywood Running",5.02,"00:28:24",146,"5:39"
"Running",2025-04-07 17:42:12,"Hollywood Running",6.14,"00:31:18",138,"5:06"
"Running",2021-03-06 08:07:25,"Hollywood Running",4.67,"00:23:38",157,"5:04"
"Running",2025-01-14 06:15:48,"Hollywood Running",5.03,"00:27:24",135,"5:27"
"Running",2023-09-06 09:02:04,"Hollywood Running",4.98,"00:25:42",149,"5:10"
"Running",2021-06-30 06:11:04,"Hollywood Running",4.55,"00:21:06",171,"4:38"
"Running",2025-03-14 06:30:02,"Westwood Running",8.1,"00:41:18",130,"5:06"
"Running",2023-03-07 08:38:30,"Westwood Running",6.1,"00:33:46",156,"5:32"
"Running",2025-09-10 17:15:09,"Westwood Running",5.09,"00:27:46",142,"5:27"
"Running",2025-09-18 06:45:38,"Hollywood Running",11.55,"00:58:17",153,"5:03"
"Running",2021-08-29 06:57:54,"Westwood Running",22.75,"01:57:36",155,"5:10"
"Running",2022-12-21 17:39:06,"Hollywood Running",5.05,"00:24:51",158,"4:55"
"Running",2023-04-22 12:39:30,"Westwood Running",1.5,"00:06:44.2",168,"4:29"
"Running",2022-07-28 06:06:00,"Hollywood Running",21.11,"01:56:09",136,"5:30"
"Running",2021-11-17 06:15:16,"Hollywood Running",4.84,"00:24:25",140,"5:03"
"Running",2023-03-20 05:51:37,"Westwood Running",5.01,"00:26:41",155,"5:20"
"Running",2024-12-11 17:31:19,"Westwood Running",5.03,"00:25:56",141,"5:10"
"Running",2020-04-21 06:40:44,"Hollywood Running",8.95,"00:46:20",163,"5:10"
"Running",2023-02-28 08:33:19,"Hollywood Running",4.95,"00:25:57",151,"5:14"
"Running",2023-07-30 06:23:36,"Westwood Running",25.91,"02:23:09",131,"5:31"
"Running",2024-10-15 17:35:31,"Hollywood Running",7.28,"00:34:11",167,"4:42"
"Running",2022-05-04 18:15:01,"Hollywood Running",2.08,"00:09:59.3",138,"4:49"
"Running",2024-02-19 17:45:41,"Westwood Running",5.59,"00:28:09",146,"5:02"
"Running",2023-02-11 05:50:32,"Westwood Running",24.02,"02:13:37",137,"5:34"
"Running",2025-03-06 14:51:35,"Westwood Running",10.96,"00:52:57",158,"4:50"
"Running",2025-10-01 16:57:06,"Hollywood Running",1.72,"00:08:34.1",144,"4:59"
"Running",2023-11-10 06:10:11,"Hollywood Running",5.62,"00:29:20",144,"5:13"
"Running",2024-11-18 16:37:38,"Westwood Running",4.99,"00:26:58",142,"5:24"
"Running",2021-07-27 06:11:18,"Westwood Running",4.55,"00:23:47",147,"5:14"
"Running",2025-02-14 16:27:34,"Westwood Running",7.29,"00:33:25",149,"4:35"
"Running",2025-11-18 06:49:47,"Westwood Running",12.19,"01:05:59",140,"5:25"
"Running",2024-11-19 06:25:23,"Hollywood Running",3.47,"00:21:12",136,"6:06"
"Running",2021-10-19 08:41:39,"Westwood Running",6.19,"00:33:38",144,"5:26"
"Running",2023-09-20 06:29:04,"Hollywood Running",4.19,"00:23:10",138,"5:32"
"Running",2023-09-08 06:18:15,"Westwood Running",4.27,"00:23:43",131,"5:34"
"Running",2023-12-06 16:43:35,"Westwood Running",5,"00:25:11",160,"5:02"
"Running",2023-11-23 18:05:52,"Westwood Running",5.6,"00:29:03",147,"5:11"
"Running",2024-01-18 16:34:17,"Hollywood Running",4.98,"00:24:29",154,"4:55"
"Running",2023-09-05 06:15:28,"Hollywood Running",4.61,"00:24:17",147,"5:16"
"Running",2023-08-13 06:05:31,"Hollywood Running",26.01,"02:23:11",132,"5:30"
"Running",2024-12-01 07:30:35,"Westwood Running",22.03,"02:02:14",138,"5:33"
"Running",2024-01-11 16:13:16,"Hollywood Running",5.53,"00:29:26",157,"5:19"
"Running",2020-10-19 06:25:00,"Westwood Running",7.45,"00:37:53",162,"5:05"
"Running",2021-01-11 17:24:32,"Westwood Running",4.88,"00:23:26",160,"4:48"
"Running",2023-08-09 06:20:10,"Hollywood Running",4.39,"00:24:33",131,"5:36"
"Running",2021-12-15 06:19:20,"Hollywood Running",4.99,"00:25:18",141,"5:04"
"Running",2025-01-07 06:27:09,"Westwood Running",5.01,"00:27:05",142,"5:24"
"Running",2022-02-08 18:20:18,"Hollywood Running",5.09,"00:25:39",157,"5:02"
"Running",2025-07-20 06:44:43,"Westwood Running",8.81,"00:46:10",151,"5:14"
"Running",2025-03-13 17:58:57,"Westwood Running",5,"00:24:24",159,"4:53"
"Running",2024-01-26 17:20:02,"Hollywood Running",5.07,"00:25:03",146,"4:56"
"Running",2025-07-06 06:30:54,"Hollywood Running",25.09,"02:26:43",134,"5:51"
"Running",2025-09-12 06:41:02,"Westwood Running",5.04,"00:26:15",124,"5:13"
"Running",2023-06-13 08:41:33,"Westwood Running",6.07,"00:32:35",141,"5:22"
"Running",2025-11-03 17:06:05,"Hollywood Running",5.01,"00:26:42",143,"5:20"
"Running",2020-09-27 07:25:25,"Westwood Running",8.94,"00:46:20",148,"5:11"
"Running",2021-05-19 16:32:24,"Westwood Running",5.54,"00:26:28",164,"4:47"
"Running",2021-04-14 06:11:05,"Hollywood Running",4.37,"00:21:03",160,"4:49"
"Running",2025-04-09 17:58:46,"Westwood Running",9.32,"00:43:18",152,"4:39"
"Running",2024-05-17 06:17:39,"Hollywood Running",4.69,"00:24:00",164,"5:07"
"Running",2025-09-02 17:25:53,"Hollywood Running",5.07,"00:24:37",149,"4:52"
"Running",2025-06-11 06:23:39,"Westwood Running",5.06,"00:28:44",135,"5:40"
"Running",2024-11-05 15:28:15,"Westwood Running",5.02,"00:25:42",151,"5:07"
"Running",2020-02-01 08:10:31,"Westwood Running",4.72,"00:24:44",152,"5:15"
"Running",2024-06-30 06:34:51,"Westwood Running",25.2,"02:35:10",139,"6:09"
"Running",2025-10-07 17:22:47,"Westwood Running",7.3,"00:37:01",127,"5:04"
"Running",2025-01-13 06:37:59,"Hollywood Running",5.01,"00:26:44",141,"5:20"
"Running",2025-11-15 09:02:45,"Hollywood Running",5.03,"00:20:16",168,"4:02"
"Running",2024-04-03 17:29:20,"Westwood Running",5.03,"00:25:55",152,"5:09"
"Running",2022-01-26 18:36:21,"Hollywood Running",1.49,"00:06:44.2",160,"4:31"
"Running",2024-08-16 06:24:18,"Hollywood Running",4.68,"00:25:29",145,"5:27"
"Running",2025-03-09 06:17:36,"Hollywood Running",38.35,"03:27:53",140,"5:25"
"Running",2020-09-15 06:10:42,"Westwood Running",7.73,"00:40:17",143,"5:13"
"Running",2024-04-11 06:15:08,"Westwood Running",4.71,"00:26:07",140,"5:33"
"Running",2023-10-25 06:14:44,"Westwood Running",4.61,"00:24:35",135,"5:20"
"Running",2022-10-20 15:07:20,"Westwood Running",5.54,"00:26:47",166,"4:50"
"Running",2021-01-01 07:53:57,"Hollywood Running",7.58,"00:38:25",158,"5:04"
"Running",2025-06-02 06:30:03,"Hollywood Running",5,"00:27:26",143,"5:29"
"Running",2025-12-17 17:46:07,"Hollywood Running",5.73,"00:30:08",146,"5:15"
"Running",2024-09-23 17:41:09,"Hollywood Running",5.61,"00:29:54",146,"5:20"
"Running",2022-07-31 06:54:11,"Hollywood Running",28.23,"02:38:57",147,"5:38"
"Running",2023-05-31 16:11:52,"Hollywood Running",4.31,"00:21:16",145,"4:56"
"Running",2021-10-17 06:48:23,"Hollywood Running",22.11,"02:05:15",154,"5:40"
"Running",2024-11-30 07:54:42,"Hollywood Running",11.62,"00:58:00",141,"4:59"
"Running",2023-12-02 08:14:08,"Hollywood Running",21.46,"01:50:39",159,"5:09"
"Running",2020-06-14 07:51:34,"Westwood Running",13.02,"01:10:54",168,"5:27"
"Running",2022-01-01 07:18:54,"Hollywood Running",22.1,"01:56:17",150,"5:16"
"Running",2025-05-21 18:00:44,"Westwood Running",5.02,"00:24:33",145,"4:53"
"Running",2024-06-21 06:26:39,"Westwood Running",4.7,"00:26:09",134,"5:34"
"Running",2022-06-20 08:23:42,"Hollywood Running",11.15,"00:58:34",142,"5:15"
"Running",2021-09-03 17:07:53,"Westwood Running",5.41,"00:24:39",180,"4:33"
"Running",2025-03-19 06:22:25,"Westwood Running",5.07,"00:26:06",149,"5:09"
"Running",2022-11-25 17:13:24,"Hollywood Running",4.99,"00:25:04",139,"5:01"
"Running",2023-07-29 09:25:29,"Westwood Running",1.07,"00:06:02.8",156,"5:39"
"Running",2022-09-16 17:16:01,"Westwood Running",4.38,"00:22:48",154,"5:12"
"Running",2024-06-04 06:10:48,"Westwood Running",4.7,"00:27:45",138,"5:54"
"Running",2024-12-11 08:01:36,"Westwood Running",5.01,"00:25:30",144,"5:05"
"Running",2022-03-11 17:45:26,"Hollywood Running",5.05,"00:24:35",149,"4:52"
"Running",2022-06-07 15:03:49,"Westwood Running",7.26,"00:35:39",160,"4:55"
"Running",2025-01-26 06:11:48,"Westwood Running",26.05,"02:24:15",152,"5:32"
"Running",2024-01-03 06:25:40,"Westwood Running",5.57,"00:29:34",140,"5:18"
"Running",2021-11-17 18:39:50,"Westwood Running",1.41,"00:06:08.4",155,"4:21"
"Running",2023-10-01 06:35:57,"Westwood Running",24.67,"02:18:38",143,"5:37"
"Running",2022-03-01 06:14:48,"Hollywood Running",5.61,"00:29:17",137,"5:13"
"Running",2022-07-22 17:04:10,"Hollywood Running",5,"00:22:39",151,"4:32"
"Running",2020-12-28 07:38:09,"Westwood Running",6.76,"00:33:02",162,"4:53"
"Running",2021-02-09 17:36:53,"Hollywood Running",5.03,"00:25:20",154,"5:02"
"Running",2022-07-01 06:08:57,"Westwood Running",4.92,"00:26:19",138,"5:21"
"Running",2023-05-12 06:10:32,"Westwood Running",4.68,"00:25:30",134,"5:27"
"Running",2023-08-22 08:43:49,"Hollywood Running",21.26,"01:50:03",142,"5:11"
"Running",2023-07-28 17:21:00,"Westwood Running",4.98,"00:24:09",146,"4:51"
"Running",2025-06-15 08:38:21,"Westwood Running",21.1,"01:33:34",168,"4:26"
"Running",2023-02-13 14:59:11,"Hollywood Running",6.15,"00:31:23",153,"5:06"
"Running",2020-07-12 07:20:12,"Hollywood Running",15.23,"01:22:48",157,"5:26"
"Running",2025-03-19 17:52:28,"Westwood Running",5.08,"00:24:49",141,"4:53"
"Running",2024-09-30 17:15:24,"Westwood Running",5.63,"00:29:28",145,"5:14"
"Running",2025-03-25 05:33:41,"Hollywood Running",12.21,"01:02:32",140,"5:07"
"Running",2025-04-04 06:26:39,"Westwood Running",5.05,"00:26:28",145,"5:14"
"Running",2022-04-19 07:02:42,"Hollywood Running",4.97,"00:24:52",149,"5:00"
"Running",2020-04-30 06:41:55,"Hollywood Running",7.36,"00:36:05",169,"4:54"
"Running",2024-03-21 06:18:29,"Westwood Running",4.71,"00:25:59",146,"5:31"
"Running",2023-05-18 08:09:30,"Hollywood Running",4.97,"00:25:38",152,"5:09"
"Running",2024-12-15 06:11:38,"Westwood Running",22.61,"01:59:23",152,"5:17"
"Running",2024-10-28 17:23:23,"Westwood Running",5.02,"00:29:21",132,"5:51"
"Running",2024-03-08 17:16:59,"Hollywood Running",5.01,"00:23:37",145,"4:43"
"Running",2025-11-11 11:38:41,"Westwood Running",8.01,"00:39:04",145,"4:53"
"Running",2025-10-10 16:38:54,"Westwood Running",5.01,"00:25:27",148,"5:05"
"Running",2024-05-12 06:17:31,"Hollywood Running",21.3,"02:00:45",145,"5:40"
"Running",2023-11-24 17:17:12,"Hollywood Running",5,"00:25:12",158,"5:03"
"Running",2021-04-23 16:12:32,"Westwood Running",9.39,"00:46:42",159,"4:58"
"Running",2022-07-26 08:23:35,"Hollywood Running",4.92,"00:25:43",146,"5:14"
"Running",2021-10-10 06:27:15,"Westwood Running",23.01,"02:09:06",136,"5:37"
"Running",2024-02-07 15:53:05,"Hollywood Running",5.69,"00:29:17",145,"5:09"
"Running",2023-05-31 05:58:42,"Hollywood Running",5.04,"00:26:24",133,"5:14"
"Running",2024-01-28 05:59:38,"Hollywood Running",24.44,"02:17:18",135,"5:37"
"Running",2021-11-14 06:56:19,"Westwood Running",21.12,"01:51:29",141,"5:17"
"Running",2024-05-20 17:23:15,"Hollywood Running",5.01,"00:25:25",153,"5:04"
"Running",2022-05-04 06:31:46,"Westwood Running",4.53,"00:23:44",154,"5:15"
"Running",2024-03-25 06:24:15,"Hollywood Running",4.65,"00:25:39",149,"5:31"
"Running",2024-03-30 08:43:01,"Westwood Running",2.62,"00:12:30",149,"4:46"
"Running",2020-03-06 12:23:31,"Westwood Running",4.87,"00:24:14",159,"4:59"
"Running",2020-06-27 10:04:30,"Hollywood Running",7.19,"00:39:30",144,"5:29"
"Running",2025-08-29 06:13:05,"Westwood Running",13.44,"01:06:29",162,"4:57"
"Running",2024-06-26 06:29:23,"Westwood Running",4.42,"00:24:31",132,"5:33"
"Running",2023-02-20 09:07:00,"Hollywood Running",4.58,"00:24:34",151,"5:22"
"Running",2024-02-05 15:46:33,"Westwood Running",5.57,"00:29:06",154,"5:14"
"Running",2023-05-24 17:37:10,"Hollywood Running",4.3,"00:22:28",153,"5:13"
"Running",2024-10-25 06:27:56,"Westwood Running",5.01,"00:27:25",129,"5:28"
"Running",2020-07-29 17:46:33,"Westwood Running",5.59,"00:28:12",156,"5:03"
"Running",2024-07-13 09:00:24,"Hollywood Running",5.01,"00:19:44",181,"3:56"
"Running",2024-08-03 06:13:57,"Hollywood Running",8.8,"00:50:10",125,"5:42"
"Running",2022-09-13 08:26:24,"Westwood Running",3.51,"00:19:25",146,"5:32"
"Running",2022-11-04 17:28:25,"Westwood Running",4.98,"00:23:31",166,"4:44"
"Running",2025-07-14 17:32:48,"Hollywood Running",5.01,"00:26:32",141,"5:18"
"Running",2021-11-29 18:21:47,"Hollywood Running",5.02,"00:25:57",138,"5:10"
"Running",2025-11-07 06:44:28,"Westwood Running",5.01,"00:26:34",145,"5:18"
"Running",2024-07-17 06:18:47,"Westwood Running",4.98,"00:27:32",127,"5:32"
"Running",2025-05-07 06:34:02,"Westwood Running",5,"00:27:12",126,"5:26"
"Running",2023-08-26 09:28:53,"Westwood Running",2.99,"00:16:10",148,"5:24"
"Treadmill Running",2020-12-01 06:23:02,"Treadmill Running",4,"00:20:00",151,"5:00"
"Running",2025-02-17 06:28:30,"Hollywood Running",5.01,"00:28:02",138,"5:36"
"Running",2023-01-11 18:11:50,"Hollywood Running",1.67,"00:08:35.9",155,"5:09"
"Running",2022-03-08 16:41:30,"Hollywood Running",6.14,"00:29:59",159,"4:53"
"Running",2023-04-20 08:44:12,"Hollywood Running",6.09,"00:31:21",160,"5:09"
"Running",2022-07-29 06:17:13,"Hollywood Running",4.93,"00:27:10",146,"5:31"
"Running",2021-02-17 06:25:03,"Westwood Running",5.56,"00:27:26",150,"4:56"
"Running",2021-05-19 06:14:17,"Hollywood Running",4.53,"00:22:53",161,"5:03"
"Running",2022-01-21 17:54:42,"Westwood Running",5.59,"00:29:31",133,"5:17"
"Running",2023-06-27 08:23:55,"Westwood Running",7.18,"00:39:46",134,"5:32"
"Running",2021-07-02 18:08:13,"Hollywood Running",5.45,"00:25:43",169,"4:43"
"Running",2025-02-10 06:18:59,"Westwood Running",5.62,"00:31:35",134,"5:37"
"Running",2024-03-06 16:04:01,"Westwood Running",5.7,"00:28:24",144,"4:59"
"Running",2025-06-30 06:25:09,"Westwood Running",5.83,"00:30:28",157,"5:13"
"Running",2025-08-09 07:30:48,"Hollywood Running",8.07,"00:42:50",147,"5:19"
"Running",2021-04-09 06:14:30,"Hollywood Running",10.07,"00:49:17",152,"4:54"
"Running",2024-04-10 16:01:50,"Westwood Running",5.01,"00:27:05",142,"5:24"
"Running",2024-03-05 17:51:45,"Westwood Running",5.64,"00:29:04",147,"5:09"
"Running",2025-11-27 06:42:54,"Westwood Running",5,"00:28:07",146,"5:37"
"Running",2025-06-21 09:01:36,"Hollywood Running",5,"00:20:19",170,"4:04"
"Running",2024-10-28 06:37:46,"Westwood Running",5.62,"00:33:04",137,"5:53"
"Running",2021-10-27 18:23:07,"Westwood Running",4.68,"00:21:39",165,"4:38"
"Running",2024-09-20 16:46:11,"Westwood Running",5.01,"00:27:08",133,"5:25"
"Running",2023-11-20 06:10:51,"Hollywood Running",5.61,"00:31:11",149,"5:34"
"Treadmill Running",2020-01-25 07:56:03,"Treadmill Running",4.01,"00:20:00",154,"5:00"
"Running",2024-06-20 17:08:32,"Westwood Running",7.4,"00:39:07",134,"5:17"
"Running",2021-11-28 07:03:34,"Hollywood Running",21.11,"01:52:02",149,"5:18"
"Running",2024-02-24 08:07:43,"Hollywood Running",21.45,"01:47:34",158,"5:01"
"Running",2020-09-29 06:28:22,"Hollywood Running",5.75,"00:29:02",167,"5:03"
"Running",2021-09-17 18:08:11,"Westwood Running",5.7,"00:28:58",142,"5:05"
"Running",2025-05-08 06:27:22,"Hollywood Running",5.01,"00:28:22",141,"5:40"
"Running",2023-04-09 06:16:53,"Hollywood Running",35.32,"03:09:32",155,"5:22"
"Running",2025-11-27 17:17:03,"Hollywood Running",5.01,"00:26:59",143,"5:23"
"Running",2024-08-19 06:36:08,"Westwood Running",4.74,"00:26:59",144,"5:42"
"Running",2023-11-30 16:17:10,"Westwood Running",5.09,"00:27:01",143,"5:18"
"Running",2022-02-01 08:45:11,"Hollywood Running",6.17,"00:32:26",147,"5:15"
"Running",2025-12-05 16:58:37,"Hollywood Running",5.01,"00:24:50",159,"4:57"
"Running",2022-06-21 17:20:01,"Hollywood Running",6.87,"00:34:00",158,"4:57"
"Running",2024-02-08 16:22:24,"Hollywood Running",4.99,"00:25:53",146,"5:11"
"Running",2024-01-21 06:17:33,"Westwood Running",26.03,"02:21:46",143,"5:27"
"Running",2021-03-09 06:19:14,"Westwood Running",9.62,"00:46:36",151,"4:51"
"Running",2023-07-26 15:48:01,"Westwood Running",5,"00:24:27",141,"4:53"
"Running",2021-03-17 17:59:45,"Westwood Running",5.67,"00:27:00",173,"4:46"
"Running",2024-10-14 06:23:02,"Westwood Running",5.01,"00:28:19",137,"5:39"
"Running",2025-09-25 11:56:22,"Hollywood Running",9.01,"00:47:58",151,"5:19"
"Running",2025-01-07 18:25:32,"Westwood Running",5.6,"00:28:47",159,"5:08"
"Running",2025-12-20 09:02:29,"Westwood Running",5,"00:20:33",177,"4:06"
"Running",2025-02-27 06:28:25,"Hollywood Running",5.03,"00:26:24",147,"5:15"
"Running",2024-07-03 06:22:15,"Hollywood Running",5.01,"00:27:44",126,"5:32"
"Running",2023-02-05 06:16:38,"Hollywood Running",21.39,"01:59:51",155,"5:36"
"Running",2024-01-16 06:11:57,"Hollywood Running",5.01,"00:26:26",141,"5:16"
"Running",2024-02-28 07:34:43,"Westwood Running",5.8,"00:30:06",136,"5:12"
"Running",2025-12-27 09:00:05,"Hollywood Running",5.01,"00:20:01",177,"4:00"
"Running",2025-08-19 17:27:48,"Hollywood Running",9.16,"00:49:03",150,"5:21"
"Running",2024-07-07 06:31:48,"Hollywood Running",25.79,"02:26:47",142,"5:41"
"Running",2020-12-07 15:59:14,"Hollywood Running",3.46,"00:16:24",152,"4:44"
"Running",2023-02-06 06:00:17,"Hollywood Running",4.97,"00:26:52",143,"5:24"
"Running",2021-10-01 18:07:30,"Hollywood Running",5.03,"00:23:54",162,"4:45"
"Running",2021-09-15 06:10:02,"Westwood Running",4.95,"00:27:39",137,"5:35"
"Running",2023-08-30 16:02:01,"Hollywood Running",5.05,"00:25:05",144,"4:58"
"Running",2020-06-17 06:24:26,"Westwood Running",7.53,"00:40:14",152,"5:20"
"Running",2023-05-26 17:38:17,"Hollywood Running",5.04,"00:23:37",152,"4:41"
"Running",2025-02-18 17:03:13,"Hollywood Running",7.92,"00:39:14",155,"4:57"
"Running",2025-04-11 16:54:07,"Westwood Running",4.45,"00:20:20",155,"4:34"
"Running",2023-06-05 17:19:28,"Westwood Running",5.06,"00:24:07",147,"4:46"
"Running",2020-11-06 12:07:28,"Westwood Running",8.44,"00:40:09",169,"4:45"
"Running",2022-04-03 06:14:41,"Hollywood Running",21.26,"01:54:10",133,"5:22"
"Running",2025-11-15 08:34:54,"Westwood Running",3.36,"00:17:08",159,"5:06"
"Running",2025-11-22 08:36:06,"Westwood Running",3.36,"00:16:59",148,"5:03"
"Running",2022-11-18 06:12:30,"Westwood Running",5.01,"00:25:48",152,"5:09"
"Running",2024-06-10 06:18:06,"Westwood Running",4.7,"00:26:39",149,"5:40"
"Running",2024-05-15 10:40:38,"Westwood Running",4.42,"00:21:37",151,"4:53"
"Running",2021-11-04 08:36:28,"Westwood Running",5.88,"00:30:18",155,"5:09"
"Running",2023-08-11 17:29:29,"Hollywood Running",4.35,"00:21:12",148,"4:52"
"Running",2023-10-13 06:15:46,"Westwood Running",5,"00:26:57",150,"5:23"
"Running",2023-07-24 15:03:19,"Westwood Running",5.57,"00:27:11",150,"4:53"
"Running",2021-12-19 06:27:40,"Hollywood Running",13.77,"01:12:44",134,"5:17"
"Running",2024-10-03 16:54:05,"Westwood Running",5.03,"00:26:24",144,"5:15"
"Running",2020-12-18 08:44:30,"Hollywood Running",1.8,"00:07:35.0",154,"4:13"
"Running",2023-10-16 06:11:24,"Westwood Running",4.96,"00:26:55",132,"5:25"
"Running",2023-09-08 17:27:26,"Hollywood Running",5.05,"00:26:12",147,"5:11"
"Running",2023-01-11 06:14:50,"Hollywood Running",5.6,"00:29:19",152,"5:14"
"Running",2022-11-01 17:32:12,"Hollywood Running",5.01,"00:26:08",139,"5:13"
"Running",2023-06-16 17:15:25,"Westwood Running",5.01,"00:25:26",142,"5:05"
"Running",2023-04-12 06:16:08,"Westwood Running",4.61,"00:24:31",149,"5:19"
"Running",2023-09-27 06:18:04,"Westwood Running",4.52,"00:25:10",152,"5:34"
"Running",2025-11-14 06:42:52,"Hollywood Running",5.01,"00:27:33",153,"5:30"
"Running",2022-02-20 06:56:46,"Westwood Running",22.74,"02:02:32",151,"5:23"
"Running",2023-10-23 17:51:05,"Westwood Running",5.03,"00:26:08",137,"5:12"
"Running",2021-06-01 17:37:34,"Westwood Running",5.46,"00:25:40",175,"4:42"
"Running",2020-09-16 17:35:18,"Westwood Running",5.04,"00:23:36",162,"4:41"
"Running",2022-03-04 17:28:08,"Westwood Running",7.35,"00:36:02",157,"4:54"
"Running",2025-11-24 18:19:02,"Hollywood Running",5.22,"00:25:56",150,"4:58"
"Running",2020-07-29 06:19:44,"Westwood Running",4.89,"00:25:09",159,"5:09"
"Running",2025-06-01 06:38:28,"Hollywood Running",21.13,"02:06:29",138,"5:59"
"Running",2020-07-19 07:13:43,"Hollywood Running",8,"00:42:43",155,"5:20"
"Running",2020-08-11 15:15:49,"Westwood Running",3.78,"00:17:36",168,"4:39"
"Running",2023-06-26 15:06:10,"Westwood Running",7.36,"00:36:59",152,"5:02"
"Running",2020-07-22 06:20:16,"Hollywood Running",4.97,"00:25:07",160,"5:03"
"Running",2024-01-14 06:08:48,"Westwood Running",22.41,"02:04:53",132,"5:34"
"Running",2020-12-12 07:18:43,"Westwood Running",21.34,"01:47:21",160,"5:02"
"Running",2022-08-31 06:23:26,"Westwood Running",4.96,"00:24:40",146,"4:58"
"Running",2024-12-03 16:04:14,"Hollywood Running",5.01,"00:26:08",136,"5:13"
"Running",2023-07-05 05:50:54,"Westwood Running",14.74,"01:15:13",141,"5:06"
"Running",2020-11-25 06:16:41,"Westwood Running",4.93,"00:23:56",148,"4:51"
"Running",2022-08-12 06:11:18,"Westwood Running",6.2,"00:30:48",152,"4:58"
"Running",2021-11-09 08:42:43,"Westwood Running",5.9,"00:29:05",145,"4:56"
"Running",2023-12-22 13:27:26,"Hollywood Running",4.95,"00:26:03",140,"5:16"
"Running",2023-03-07 17:28:25,"Westwood Running",5,"00:26:32",140,"5:18"
"Running",2022-11-18 17:18:31,"Westwood Running",4.92,"00:23:44",146,"4:50"
"Running",2020-08-15 07:55:22,"Westwood Running",8.98,"00:45:40",164,"5:05"
"Running",2023-03-15 06:37:19,"Westwood Running",4.97,"00:26:20",143,"5:18"
"Running",2023-06-07 06:03:15,"Westwood Running",4.26,"00:21:45",152,"5:06"
"Running",2025-07-04 16:47:16,"Hollywood Running",5.02,"00:26:12",142,"5:13"
"Running",2023-08-18 06:51:09,"Westwood Running",9.07,"00:49:15",144,"5:26"
"Running",2021-03-31 17:29:20,"Hollywood Running",6.9,"00:32:34",158,"4:43"
"Running",2020-10-25 07:00:28,"Westwood Running",11.28,"00:56:47",155,"5:02"
"Running",2023-04-24 08:41:02,"Hollywood Running",6.08,"00:32:38",151,"5:22"
"Running",2020-05-03 07:12:13,"Hollywood Running",13.62,"01:11:49",160,"5:16"
"Running",2021-10-29 18:07:47,"Hollywood Running",5.57,"00:26:30",162,"4:45"
"Treadmill Running",2021-01-26 17:18:23,"Treadmill Running",5.5,"00:25:00",139,"4:33"
"Running",2021-05-25 16:33:33,"Hollywood Running",5.58,"00:26:43",163,"4:48"
"Running",2024-07-13 08:37:24,"Westwood Running",3.35,"00:16:36",153,"4:57"
"Running",2020-12-02 06:24:59,"Westwood Running",5.58,"00:26:47",167,"4:48"
"Running",2021-12-15 17:05:36,"Hollywood Running",5.03,"00:23:14",165,"4:37"
"Running",2020-09-26 07:32:01,"Hollywood Running",4.67,"00:24:17",158,"5:12"
"Running",2023-03-08 18:15:55,"Hollywood Running",1.66,"00:08:59.5",132,"5:25"
"Running",2023-05-07 06:25:19,"Westwood Running",21.43,"02:00:38",136,"5:38"
"Running",2023-03-01 13:19:31,"Hollywood Running",5.02,"00:25:49",132,"5:09"
"Running",2022-10-02 06:28:56,"Hollywood Running",23.03,"02:03:40",145,"5:22"
"Running",2023-07-09 06:10:08,"Westwood Running",23.49,"02:04:22",138,"5:18"
"Running",2024-06-01 09:27:06,"Hollywood Running",3.48,"00:19:45",150,"5:40"
"Running",2023-06-12 15:02:02,"Hollywood Running",5.59,"00:28:48",159,"5:09"
"Running",2024-08-25 06:22:58,"Westwood Running",22.69,"02:23:43",132,"6:20"
"Running",2021-10-04 06:34:55,"Westwood Running",6.84,"00:36:15",144,"5:18"
"Running",2025-06-30 17:23:02,"Hollywood Running",5.01,"00:26:03",154,"5:12"
"Running",2023-08-16 10:11:04,"Hollywood Running",21.47,"01:55:40",146,"5:23"
"Running",2025-10-10 06:36:26,"Westwood Running",5.06,"00:27:20",123,"5:24"
"Running",2025-08-10 06:54:36,"Hollywood Running",21.11,"01:53:12",142,"5:22"
"Running",2022-05-13 06:21:43,"Westwood Running",4.56,"00:23:26",153,"5:08"
"Running",2025-06-29 06:26:50,"Hollywood Running",22.07,"02:11:24",136,"5:57"
"Running",2024-08-21 06:18:36,"Westwood Running",6.44,"00:35:28",132,"5:31"
"Running",2025-04-01 16:31:54,"Hollywood Running",6.77,"00:31:52",151,"4:42"
"Treadmill Running",2020-11-30 18:36:57,"Treadmill Running",4.02,"00:20:01",136,"4:59"
"Running",2023-11-19 06:04:10,"Hollywood Running",26.2,"02:26:23",148,"5:35"
"Running",2025-06-23 15:56:43,"Hollywood Running",5.85,"00:31:05",135,"5:19"
"Running",2025-08-14 07:10:16,"Westwood Running",14.59,"01:23:48",135,"5:45"
"Running",2020-05-28 06:26:15,"Hollywood Running",5.78,"00:29:18",151,"5:04"
"Running",2022-08-30 13:13:11,"Hollywood Running",4.32,"00:21:34",143,"5:00"
"Running",2024-11-12 15:53:46,"Hollywood Running",5.03,"00:23:50",150,"4:44"
"Running",2024-11-17 06:17:36,"Hollywood Running",21.2,"02:00:48",128,"5:42"
"Running",2022-11-07 08:03:21,"Hollywood Running",4.96,"00:26:21",142,"5:19"
"Running",2022-10-11 17:32:48,"Westwood Running",4.26,"00:21:28",162,"5:02"
"Running",2022-11-16 18:19:09,"Hollywood Running",1.39,"00:06:31.5",152,"4:41"
"Running",2023-06-23 17:13:19,"Westwood Running",5.03,"00:24:48",147,"4:56"
"Running",2023-04-25 08:34:26,"Hollywood Running",5.52,"00:27:34",158,"5:00"
"Running",2022-12-29 06:53:44,"Westwood Running",7.08,"00:36:38",141,"5:10"
"Running",2020-05-21 06:38:24,"Hollywood Running",5.89,"00:29:53",149,"5:04"
"Running",2022-11-24 08:27:48,"Westwood Running",7.83,"00:41:40",157,"5:19"
"Running",2025-04-22 06:21:14,"Westwood Running",4.99,"00:26:32",132,"5:19"
"Running",2023-09-27 16:11:30,"Hollywood Running",4.33,"00:21:42",151,"5:01"
"Running",2025-08-06 17:02:45,"Westwood Running",11.95,"00:58:34",170,"4:54"
"Running",2025-11-20 06:54:42,"Westwood Running",9.73,"00:52:00",149,"5:21"
"Running",2025-01-31 16:48:48,"Westwood Running",5.63,"00:26:44",151,"4:45"
"Running",2023-10-05 06:13:04,"Westwood Running",4.96,"00:26:18",142,"5:18"
"Running",2023-06-09 17:02:21,"Hollywood Running",4.36,"00:21:45",144,"5:00"
"Running",2022-04-08 06:21:15,"Hollywood Running",4.96,"00:25:17",144,"5:06"
"Running",2021-06-22 06:11:00,"Hollywood Running",4.52,"00:22:18",164,"4:56"
"Running",2020-10-05 17:32:59,"Hollywood Running",5,"00:23:55",179,"4:47"
"Running",2025-10-08 15:23:58,"Westwood Running",11.44,"00:55:22",157,"4:50"
"Running",2025-10-22 16:41:20,"Westwood Running",9.14,"00:45:39",149,"5:00"
"Running",2025-01-15 17:22:41,"Hollywood Running",5,"00:26:23",139,"5:17"
"Running",2024-09-25 06:35:37,"Westwood Running",4.7,"00:26:03",138,"5:32"
"Running",2023-03-10 06:20:08,"Hollywood Running",4.97,"00:27:17",158,"5:30"
"Running",2023-10-10 17:05:48,"Westwood Running",1.63,"00:08:15.5",148,"5:04"
"Running",2024-03-01 17:14:05,"Westwood Running",5.02,"00:23:56",144,"4:46"
"Running",2023-11-21 06:24:31,"Hollywood Running",5.59,"00:30:23",145,"5:26"
"Running",2023-04-19 06:11:15,"Westwood Running",4.62,"00:25:40",149,"5:33"
"Running",2022-09-19 06:16:55,"Hollywood Running",22.15,"02:01:12",158,"5:28"
"Running",2021-02-17 17:51:51,"Hollywood Running",5.54,"00:26:23",167,"4:46"
"Running",2024-05-31 06:11:51,"Hollywood Running",4.7,"00:26:57",135,"5:44"
"Running",2025-05-22 17:33:38,"Hollywood Running",5.82,"00:29:06",143,"5:00"
"Running",2025-03-14 17:27:05,"Westwood Running",5.02,"00:23:48",140,"4:44"
"Running",2025-02-26 06:25:25,"Hollywood Running",5,"00:25:23",151,"5:04"
"Running",2023-02-07 11:31:48,"Hollywood Running",6.23,"00:33:14",160,"5:20"
"Running",2025-11-22 09:03:43,"Hollywood Running",5.02,"00:20:23",168,"4:04"
"Running",2025-11-12 06:37:16,"Westwood Running",5.02,"00:27:14",151,"5:25"
"Running",2024-10-14 17:34:43,"Hollywood Running",5,"00:26:01",140,"5:12"
"Running",2020-11-18 16:02:47,"Hollywood Running",5.56,"00:26:54",150,"4:50"
"Running",2024-01-12 06:12:12,"Westwood Running",5.54,"00:30:05",151,"5:26"
"Running",2022-10-05 06:13:03,"Hollywood Running",4.24,"00:23:09",139,"5:27"
"Running",2023-11-16 06:15:18,"Westwood Running",5.01,"00:27:51",141,"5:34"
"Running",2023-06-19 08:40:08,"Hollywood Running",6.07,"00:33:31",143,"5:31"
"Running",2022-08-12 17:39:43,"Hollywood Running",5.9,"00:27:38",168,"4:41"
"Running",2021-07-21 14:58:21,"Westwood Running",5.24,"00:26:15",155,"5:01"
"Running",2025-05-14 06:10:06,"Hollywood Running",8.69,"00:46:13",143,"5:19"
"Running",2023-09-24 06:26:32,"Hollywood Running",22.35,"02:08:26",144,"5:45"
"Running",2021-10-08 17:25:56,"Westwood Running",6.88,"00:37:37",150,"5:28"
"Running",2025-05-31 09:01:30,"Westwood Running",5,"00:19:51",179,"3:58"
"Running",2025-03-11 06:19:02,"Westwood Running",5,"00:26:31",129,"5:18"
"Running",2023-09-29 06:14:07,"Westwood Running",4.82,"00:25:44",134,"5:20"
"Running",2024-10-02 06:24:59,"Hollywood Running",5.01,"00:28:44",146,"5:44"
"Running",2024-01-11 06:11:16,"Westwood Running",5.58,"00:30:23",139,"5:27"
"Running",2025-06-04 17:32:27,"Hollywood Running",9.34,"00:45:16",172,"4:51"
"Running",2020-04-26 07:26:53,"Westwood Running",11.68,"01:00:33",159,"5:11"
"Running",2024-06-11 15:42:44,"Westwood Running",5.01,"00:26:00",148,"5:11"
"Running",2022-10-14 17:40:34,"Hollywood Running",4.98,"00:24:53",135,"5:00"
"Running",2023-11-30 06:12:28,"Hollywood Running",4.99,"00:27:27",152,"5:30"
"Running",2021-04-25 06:57:31,"Westwood Running",21.21,"01:46:44",161,"5:02"
"Running",2023-05-02 17:37:42,"Westwood Running",1.36,"00:07:21.3",145,"5:25"
"Running",2024-02-29 06:15:24,"Westwood Running",5.65,"00:30:02",145,"5:19"
"Running",2022-09-04 06:12:28,"Westwood Running",24,"02:04:28",145,"5:11"
"Running",2024-08-14 06:22:53,"Westwood Running",5.02,"00:26:06",144,"5:12"
"Running",2024-03-14 06:10:22,"Westwood Running",4.71,"00:25:17",134,"5:22"
"Running",2022-06-08 18:19:42,"Hollywood Running",1.35,"00:06:28.3",152,"4:48"
"Running",2024-04-12 16:22:56,"Westwood Running",10.24,"00:51:17",158,"5:00"
"Running",2022-12-24 06:08:06,"Hollywood Running",22.15,"01:55:33",139,"5:13"
"Running",2023-03-31 17:20:18,"Westwood Running",4.98,"00:23:23",164,"4:42"
"Running",2023-02-03 17:17:35,"Hollywood Running",5.01,"00:25:28",162,"5:05"
"Running",2023-12-12 13:23:15,"Hollywood Running",4.95,"00:25:41",155,"5:11"
"Running",2024-01-31 16:21:23,"Westwood Running",4.94,"00:24:32",152,"4:58"
"Running",2024-11-08 08:05:38,"Westwood Running",5.01,"00:26:27",158,"5:17"
"Running",2021-06-11 18:33:52,"Hollywood Running",4.3,"00:20:27",160,"4:45"
"Running",2022-06-15 18:14:18,"Hollywood Running",2.17,"00:11:28",146,"5:17"
"Running",2025-03-21 16:37:08,"Westwood Running",6.08,"00:29:18",148,"4:49"
"Running",2023-06-22 08:27:17,"Westwood Running",6.28,"00:32:57",147,"5:15"
"Running",2022-03-02 14:57:57,"Westwood Running",6.15,"00:31:28",141,"5:07"
"Running",2022-10-16 06:20:43,"Hollywood Running",21.19,"01:55:46",131,"5:28"
"Running",2020-03-23 06:16:22,"Hollywood Running",7.36,"00:37:37",151,"5:07"
"Running",2023-06-20 09:16:33,"Hollywood Running",4.8,"00:26:43",132,"5:34"
"Running",2022-02-16 06:14:42,"Hollywood Running",5.59,"00:30:01",135,"5:22"
"Running",2023-01-27 18:00:19,"Westwood Running",5.01,"00:26:33",145,"5:18"
"Running",2025-05-25 07:01:47,"Hollywood Running",21.11,"01:57:24",153,"5:34"
"Running",2024-02-26 08:05:10,"Westwood Running",5.61,"00:30:05",144,"5:22"
"Running",2023-10-09 15:35:59,"Westwood Running",5.04,"00:27:00",143,"5:22"
"Running",2024-11-10 07:09:36,"Hollywood Running",14.51,"01:23:09",147,"5:44"
"Running",2022-10-07 08:42:48,"Hollywood Running",5.59,"00:27:58",155,"5:00"
"Running",2024-08-12 06:51:02,"Westwood Running",5,"00:27:23",142,"5:29"
"Running",2022-10-18 08:43:12,"Hollywood Running",6.12,"00:30:06",157,"4:55"
"Running",2022-06-01 06:50:12,"Hollywood Running",10.23,"00:52:47",150,"5:10"
"Running",2021-12-27 07:07:21,"Hollywood Running",13.73,"01:13:01",145,"5:19"
"Running",2024-01-15 17:32:34,"Hollywood Running",5.01,"00:25:50",141,"5:10"
"Running",2024-01-23 17:16:58,"Hollywood Running",1.64,"00:08:21.8",145,"5:06"
"Running",2024-12-10 06:42:14,"Hollywood Running",5.01,"00:27:18",139,"5:27"
"Running",2022-05-06 06:15:33,"Hollywood Running",4.91,"00:24:57",149,"5:05"
"Running",2020-10-09 17:27:39,"Hollywood Running",4.69,"00:22:31",157,"4:48"
"Running",2024-06-12 16:01:09,"Hollywood Running",5.01,"00:26:30",150,"5:17"
"Running",2025-02-15 09:01:07,"Westwood Running",5.02,"00:19:32",176,"3:53"
"Running",2020-09-20 07:14:45,"Westwood Running",9.34,"00:51:13",156,"5:29"
"Running",2024-09-05 17:58:43,"Hollywood Running",5.02,"00:23:45",152,"4:44"
"Running",2025-10-30 07:23:36,"Westwood Running",5.78,"00:28:59",154,"5:01"
"Running",2024-11-01 06:38:26,"Westwood Running",5.01,"00:27:44",133,"5:32"
"Running",2024-11-27 17:22:27,"Westwood Running",5.01,"00:26:06",144,"5:12"
"Running",2022-06-28 17:26:32,"Hollywood Running",4.33,"00:23:08",137,"5:20"
"Running",2023-09-01 06:11:29,"Westwood Running",5.03,"00:26:16",140,"5:13"
"Running",2024-12-10 16:00:15,"Westwood Running",5.03,"00:25:57",142,"5:10"
"Running",2022-07-05 08:37:10,"Westwood Running",5.56,"00:29:40",146,"5:20"
"Running",2023-08-05 09:01:55,"Hollywood Running",5,"00:20:22",165,"4:04"
"Running",2024-02-09 06:14:25,"Hollywood Running",5.58,"00:30:02",135,"5:23"
"Running",2022-05-29 06:12:04,"Hollywood Running",22.5,"02:00:53",146,"5:22"
"Running",2020-09-02 17:27:52,"Hollywood Running",4.98,"00:24:02",159,"4:50"
"Running",2024-05-01 06:05:44,"Westwood Running",5.83,"00:30:54",156,"5:18"
"Running",2021-09-19 07:05:16,"Hollywood Running",17.43,"01:39:48",133,"5:43"
"Running",2021-08-22 07:00:51,"Hollywood Running",21.11,"01:49:06",154,"5:10"
"Running",2025-01-20 17:36:38,"Westwood Running",5,"00:25:24",145,"5:05"
"Running",2024-02-26 15:45:05,"Hollywood Running",4.92,"00:25:44",146,"5:14"
"Running",2022-11-21 08:19:39,"Westwood Running",7.92,"00:42:18",154,"5:20"
"Running",2022-04-06 18:20:00,"Hollywood Running",1.48,"00:07:08.6",154,"4:50"
"Running",2020-02-12 06:17:38,"Westwood Running",5.59,"00:28:51",166,"5:10"
"Running",2025-04-02 17:39:26,"Westwood Running",5.01,"00:24:08",146,"4:49"
"Running",2023-02-15 09:42:15,"Hollywood Running",4.6,"00:24:05",143,"5:14"
"Running",2025-04-30 17:46:39,"Hollywood Running",5.01,"00:26:38",137,"5:19"
"Running",2024-06-19 06:08:03,"Westwood Running",5.01,"00:28:24",132,"5:40"
"Running",2024-12-13 08:01:24,"Westwood Running",5,"00:25:59",145,"5:12"
"Running",2024-06-01 08:29:37,"Westwood Running",3.53,"00:19:03",142,"5:24"
"Running",2022-11-28 15:02:21,"Westwood Running",5.58,"00:27:59",149,"5:01"
"Running",2021-01-15 17:16:01,"Hollywood Running",6.88,"00:32:35",155,"4:44"
"Running",2025-02-28 16:41:56,"Westwood Running",5.01,"00:24:56",142,"4:58"
"Running",2022-12-01 05:45:57,"Hollywood Running",7.37,"00:38:16",152,"5:11"
"Running",2023-11-09 06:14:21,"Hollywood Running",5.61,"00:29:21",144,"5:14"
"Running",2021-10-05 17:41:05,"Westwood Running",5.05,"00:24:06",170,"4:46"
"Running",2024-08-10 09:24:56,"Westwood Running",3.47,"00:18:52",156,"5:26"
"Running",2025-10-12 07:45:22,"Hollywood Running",10.01,"00:57:57",132,"5:47"
"Running",2022-08-03 18:13:35,"Westwood Running",2.04,"00:10:16",156,"5:02"
"Running",2023-03-03 06:07:35,"Westwood Running",4.96,"00:25:42",159,"5:11"
"Running",2021-03-24 06:03:33,"Hollywood Running",4.58,"00:22:05",151,"4:50"
"Running",2023-12-26 06:44:34,"Hollywood Running",10.62,"00:57:51",135,"5:27"
"Running",2024-11-13 06:36:18,"Westwood Running",5,"00:24:23",166,"4:52"
"Running",2021-09-05 07:03:56,"Hollywood Running",15.39,"01:15:20",173,"4:54"
"Running",2025-04-16 06:42:25,"Hollywood Running",16.29,"01:22:02",133,"5:02"
"Running",2023-06-16 06:12:16,"Hollywood Running",4.66,"00:25:32",133,"5:29"
"Running",2024-01-24 06:11:59,"Hollywood Running",5.62,"00:29:41",154,"5:17"
"Running",2020-04-08 06:32:30,"Hollywood Running",8.98,"00:45:49",164,"5:06"
"Running",2023-02-27 12:30:51,"Hollywood Running",4.64,"00:24:28",154,"5:16"
"Running",2023-06-28 06:12:53,"Westwood Running",4.34,"00:24:02",137,"5:32"
"Running",2025-02-24 17:27:16,"Hollywood Running",5.02,"00:25:44",147,"5:08"
"Running",2023-07-03 08:41:12,"Westwood Running",5.6,"00:28:32",147,"5:06"
"Running",2024-05-16 06:13:28,"Hollywood Running",4.7,"00:27:02",140,"5:45"
"Running",2021-07-16 06:02:29,"Hollywood Running",4.61,"00:22:05",154,"4:47"
"Running",2022-01-19 08:42:54,"Westwood Running",6.2,"00:31:56",144,"5:09"
"Running",2024-05-01 15:46:00,"Westwood Running",5.02,"00:26:33",139,"5:18"
"Running",2023-12-28 06:34:49,"Westwood Running",10.68,"00:59:54",131,"5:37"
"Running",2024-01-31 06:13:14,"Westwood Running",5.62,"00:30:20",145,"5:24"
"Running",2022-12-06 05:38:33,"Hollywood Running",14.97,"01:18:59",146,"5:17"
"Running",2022-12-26 07:20:31,"Hollywood Running",8.64,"00:46:06",144,"5:20"
"Running",2023-06-16 18:00:55,"Hollywood Running",5.14,"00:27:43",152,"5:24"
"Running",2021-07-27 17:17:58,"Hollywood Running",5,"00:23:41",158,"4:44"
"Running",2024-08-17 09:24:39,"Westwood Running",3.46,"00:18:10",154,"5:15"
"Running",2024-11-23 08:15:07,"Hollywood Running",21.52,"01:51:18",162,"5:10"
"Running",2024-02-22 16:33:57,"Hollywood Running",5.57,"00:27:51",147,"5:00"
"Running",2025-05-11 06:53:39,"Hollywood Running",13.31,"01:15:02",146,"5:38"
